-- SQL-Statements zur Anlage der Musik-Datenbank für *PostgreSQL*

-- Stand: 16.12.2020

-- -----------------------------------------------------------------------------

-- DROP SCHEMA music_db CASCADE;
CREATE SCHEMA music_db;
SET Schema 'music_db';

-- -----------------------------------------------------------------------------

--
-- Tabellenstruktur für Tabelle 'genre'
--

CREATE TABLE genre
(
    genreid      integer     NOT NULL GENERATED BY DEFAULT AS IDENTITY PRIMARY KEY,
    name         VARCHAR(80) NOT NULL,
    supergenreid integer REFERENCES genre (genreid)
);

--
-- Daten für Tabelle 'genre'
--

INSERT INTO genre VALUES (20, 'hip hop', NULL);
INSERT INTO genre VALUES (21, 'rap', NULL);
INSERT INTO genre VALUES (41, 'pop', NULL);
INSERT INTO genre VALUES (47, 'edm', NULL);
INSERT INTO genre VALUES (3, 'gangster rap', 21);
INSERT INTO genre VALUES (10, 'chicago rap', 21);
INSERT INTO genre VALUES (12, 'melodic rap', 21);
INSERT INTO genre VALUES (15, 'dmv rap', 21);
INSERT INTO genre VALUES (17, 'alabama rap', 21);
INSERT INTO genre VALUES (19, 'atl trap', 21);
INSERT INTO genre VALUES (30, 'christlicher rap', 21);
INSERT INTO genre VALUES (31, 'german cloud rap', 21);
INSERT INTO genre VALUES (36, 'german alternative rap', 21);
INSERT INTO genre VALUES (38, 'emo rap', 21);
INSERT INTO genre VALUES (40, 'dark trap', 21);
INSERT INTO genre VALUES (42, 'florida rap', 21);
INSERT INTO genre VALUES (46, 'deep southern trap', 21);
INSERT INTO genre VALUES (49, 'rap rock', 21);
INSERT INTO genre VALUES (54, 'cali rap', 21);
INSERT INTO genre VALUES (56, 'nyc rap', 21);
INSERT INTO genre VALUES (61, 'german underground rap', 21);
INSERT INTO genre VALUES (5, 'east coast hip hop', 20);
INSERT INTO genre VALUES (14, 'australian hip hop', 20);
INSERT INTO genre VALUES (18, 'atl hip hop', 20);
INSERT INTO genre VALUES (23, 'christian hip hop', 20);
INSERT INTO genre VALUES (27, 'german hip hop', 20);
INSERT INTO genre VALUES (29, 'deep german hip hop', 20);
INSERT INTO genre VALUES (34, 'turkish hip hop', 20);
INSERT INTO genre VALUES (35, 'austrian hip hop', 20);
INSERT INTO genre VALUES (37, 'arabic hip hop', 20);
INSERT INTO genre VALUES (39, 'dirty south rap', 21);
INSERT INTO genre VALUES (43, 'canadian hip hop', 20);
INSERT INTO genre VALUES (44, 'alternative hip hop', 20);
INSERT INTO genre VALUES (45, 'conscious hip hop', 20);
INSERT INTO genre VALUES (51, 'detroit hip hop', 20);
INSERT INTO genre VALUES (55, 'boston hip hop', 20);
INSERT INTO genre VALUES (60, 'albanian hip hop', 20);
INSERT INTO genre VALUES (33, 'dancehall', 20);
INSERT INTO genre VALUES (64, 'soul', NULL);
INSERT INTO genre VALUES (79, 'reggae', NULL);
INSERT INTO genre VALUES (84, 'classic schlager', NULL);
INSERT INTO genre VALUES (57, 'hip pop', 41);
INSERT INTO genre VALUES (65, 'pop punk', 41);
INSERT INTO genre VALUES (68, 'miami hip hop', 20);
INSERT INTO genre VALUES (69, 'british soul', 64);
INSERT INTO genre VALUES (73, 'colombian pop', 41);
INSERT INTO genre VALUES (76, 'k-pop', 41);
INSERT INTO genre VALUES (77, 'bronx hip hop', 20);
INSERT INTO genre VALUES (85, 'albanian pop', 41);
INSERT INTO genre VALUES (2, 'grime', 47);
INSERT INTO genre VALUES (4, 'electropop', 41);
INSERT INTO genre VALUES (7, 'canadian pop', 41);
INSERT INTO genre VALUES (8, 'dance pop', 41);
INSERT INTO genre VALUES (13, 'brostep', 47);
INSERT INTO genre VALUES (22, 'indie poptimism', 41);
INSERT INTO genre VALUES (24, 'scandipop', 41);
INSERT INTO genre VALUES (28, 'pop urbaine', 41);
INSERT INTO genre VALUES (32, 'german reggae', 79);
INSERT INTO genre VALUES (48, 'modern reggae', 79);
INSERT INTO genre VALUES (50, 'german pop', 41);
INSERT INTO genre VALUES (59, 'kazakh pop', 41);
INSERT INTO genre VALUES (62, 'psychokore', 47);
INSERT INTO genre VALUES (71, 'crunk', 20);
INSERT INTO genre VALUES (72, 'reggaeton', 79);
INSERT INTO genre VALUES (74, 'dembow', 79);
INSERT INTO genre VALUES (75, 'electronica', 47);
INSERT INTO genre VALUES (86, 'r&b', NULL);
INSERT INTO genre VALUES (87, 'rock', NULL);
INSERT INTO genre VALUES (6, 'modern alternative rock', 87);
INSERT INTO genre VALUES (9, 'alternative r&b', 86);
INSERT INTO genre VALUES (11, 'canadian contemporary r&b', 86);
INSERT INTO genre VALUES (52, 'piano rock', 86);
INSERT INTO genre VALUES (66, 'permanent wave', 87);
INSERT INTO genre VALUES (67, 'modern hard rock', 87);
INSERT INTO genre VALUES (70, 'synth funk', 86);
INSERT INTO genre VALUES (78, 'contemporary country', 41);
INSERT INTO genre VALUES (80, 'vocal house', 47);
INSERT INTO genre VALUES (81, 'g funk', 86);
INSERT INTO genre VALUES (83, 'alternative rock', 87);
INSERT INTO genre VALUES (88, 'punk', NULL);
INSERT INTO genre VALUES (1, 'alternative metal', 87);
INSERT INTO genre VALUES (16, 'latin', 41);
INSERT INTO genre VALUES (25, 'nashville singer-songwriter', 41);
INSERT INTO genre VALUES (26, 'ccm', 41);
INSERT INTO genre VALUES (53, 'escape room', 41);
INSERT INTO genre VALUES (58, 'emo', 88);
INSERT INTO genre VALUES (63, 'german oi', 88);
INSERT INTO genre VALUES (82, 'boy band', 41);

ALTER TABLE genre ALTER COLUMN genreid RESTART WITH 89;

-- -----------------------------------------------------------------------------

--
-- Tabellenstruktur für Tabelle 'artist'
--

CREATE TABLE artist
(
    artistid    integer     NOT NULL generated BY DEFAULT AS IDENTITY PRIMARY KEY,
    name        VARCHAR(80) NOT NULL,
    age         integer,
    nationality VARCHAR(45),
    genreid     integer REFERENCES genre (genreid),
    alive       boolean     NOT NULL
);

--
-- Daten für Tabelle 'artist'
--

INSERT INTO artist
VALUES (1, 'Linkin Park', NULL, 'USA', 1, false),
       (2, 'Stormzy', 27, 'UK', 2, true),
       (3, 'Pusha T', 43, 'USA', 3, true),
       (4, 'Kiiara', 25, 'USA', 4, true),
       (5, 'Page Hamilton', 60, 'USA', NULL, true),
       (6, 'Rakim', 52, 'USA', 5, true),
       (7, 'Daron Malakian', 45, 'USA', NULL, true),
       (8, 'Tom Morello', 56, 'USA', 6, true),
       (9, 'Shawn Mendes', 22, 'Canada', 7, true),
       (10, 'Camila Cabello', 23, 'Cuba', 8, true),
       (11, 'Julia Michaels', 26, 'USA', 8, true),
       (12, 'Khalid', 22, 'USA', 9, true),
       (13, 'Astrid S', 23, 'Norway', 8, true),
       (14, 'Juice WRLD', 21, 'USA', 10, false),
       (15, 'The Weeknd', 30, 'Canada', 11, true),
       (16, 'Trippie Redd', 21, 'USA', 12, true),
       (17, 'Marshmello', 28, 'USA', 13, true),
       (18, 'The Kid LAROI', 17, 'Australia', 14, true),
       (19, 'Polo G', 21, 'USA', 10, true),
       (20, 'Halsey', 25, 'USA', 8, true),
       (21, 'Brent Faiyaz', 24, 'USA', 15, true),
       (22, 'Rvssian', 30, 'Jamaica', 16, true),
       (23, 'Clever', 35, 'USA', 17, true),
       (24, 'Young Thug', 29, 'USA', 18, true),
       (25, 'Lil Uzi Vert', 26, 'USA', 12, true),
       (26, 'Young Scooter', 34, 'USA', 19, true),
       (27, 'Lil Wayne', 37, 'USA', 20, true),
       (28, 'Yung Bans', 21, 'USA', 21, true),
       (29, 'Gunna', 27, 'USA', 18, true),
       (30, 'Nicki Minaj', 37, 'USA', 8, true),
       (31, 'NF', 29, 'USA', 20, true),
       (32, 'Sasha Sloan', 25, 'USA', 4, true),
       (33, 'Ruelle', 34, 'USA', 22, true),
       (34, 'Marty', NULL, 'Unknown', 23, true),
       (35, 'Andreas Moss', NULL, 'USA', 24, true),
       (36, 'Fleurie', 29, 'USA', 25, true),
       (37, 'Jeremiah Carlson', NULL, 'USA', NULL, true),
       (38, 'Britt Nicole', 36, 'USA', 26, true),
       (39, 'RAF Camora', 36, 'Austria', 27, true),
       (40, 'Bonez MC', 34, 'Germany', 27, true),
       (41, 'Ghetto Phénomène', NULL, 'France', 28, true),
       (42, 'Gallo Nero', NULL, 'Germany', NULL, true),
       (43, 'Gzuz', 32, 'Germany', 29, true),
       (44, 'Hanybal', 36, 'Germany', 29, true),
       (45, 'Kontra K', 33, 'Germany', 30, true),
       (46, 'Trettmann', 46, 'Germany', 31, true),
       (47, 'KitschKrieg', NULL, 'Germany', 27, true),
       (48, 'Gentleman', 45, 'Germany', 32, true),
       (49, 'Ufo361', 32, 'Germany', 31, true),
       (50, 'KC Rebell', 32, 'Germany', 27, true),
       (51, 'Maxwell', 27, 'Germany', 29, true),
       (52, 'Bausa', 31, 'Germany', 27, true),
       (53, 'Joshi Mizu', NULL, 'Austria', 29, true),
       (54, 'Emirez', NULL, 'Austria', NULL, true),
       (55, 'Tommy Lee Sparta', 32, 'Jamaica', 33, true),
       (56, 'D-Flame', 48, 'Germany', 27, true),
       (57, 'METRICKZ', 29, 'Germany', 29, true),
       (58, 'Farid Bang', 34, 'Germany', 27, true),
       (59, 'Chakuzza', 39, 'Austria', NULL, true),
       (60, 'Massaka', NULL, 'Turkey', 34, true),
       (61, 'Sprachtot', 37, 'Germany', 27, true),
       (62, 'Nazar', 35, 'Austria', 35, true),
       (63, 'Manuellsen', 41, 'Germany', 29, true),
       (64, 'Chakuza', 39, 'Austria', 35, true),
       (65, 'MoTrip', 32, 'Germany', 36, true),
       (66, 'Joka', 35, 'Germany', 29, true),
       (67, 'Tua', 34, 'Germany', 36, true),
       (68, 'D-Bo', 42, 'Germany', 27, true),
       (69, 'Tarek', 34, 'Germany', 37, true),
       (70, 'Silla', 36, 'Germany', 29, true),
       (71, 'Rammstein', NULL, 'Germany', 1, true),
       (72, 'XXXTENTACION', 20, 'USA', 38, false),
       (73, 'PnB Rock', 28, 'USA', 12, true),
       (74, 'Rick Ross', 44, 'USA', 39, true),
       (75, 'Killstation', 23, 'USA', 40, true),
       (76, 'Noah Cyrus', 20, 'USA', 41, true),
       (77, 'Tom. G', 57, 'Switzerland', 42, true),
       (78, 'Tory Lanez', 28, 'Canada', 43, true),
       (79, 'Mavado', 39, 'Jamaica', 33, true),
       (80, 'Craig Xen', 25, 'USA', 40, true),
       (81, 'Kemba', 29, 'USA', 44, true),
       (82, 'Joey Bada$$', 25, 'USA', 45, true),
       (83, 'Sauce Walka', 30, 'USA', 46, true),
       (84, 'Carnage', 29, 'USA', 47, true),
       (85, 'Ky-Mani Marley', 44, 'Jamaica', 48, true),
       (86, 'Stefflon Don', 28, 'UK', 33, true),
       (87, 'Vybz Kartel', 44, 'Jamaica', 33, true),
       (88, 'Jimmy Levy', 22, 'USA', NULL, true),
       (89, 'Travis Barker', 44, 'USA', 49, true),
       (90, 'Matt Ox', 15, 'USA', 12, true),
       (91, 'Rio Santana', 28, 'Brazil', NULL, true),
       (92, 'Judah', NULL, 'USA', NULL, true),
       (93, 'Andrez Babii', NULL, 'Unknown', NULL, true),
       (94, 'Kanye West', 43, 'USA', 10, true),
       (95, 'Apache 207', 22, 'Germany', 27, true),
       (96, 'Sido', 39, 'Germany', 27, true),
       (97, 'YONII', 29, 'Germany', 27, true),
       (98, 'BEKA', 36, 'Germany', 27, true),
       (99, 'Monchi', 33, 'Germany', NULL, true),
       (100, 'Samra', 25, 'Germany', 27, true),
       (101, 'Kool Savas', 45, 'Germany', 27, true),
       (102, 'Luciano', 26, 'Germany', 27, true),
       (103, 'Santos', 27, 'Germany', NULL, true),
       (104, 'Casper', 37, 'Germany', 36, true),
       (105, 'Johannes Oerding', 36, 'Germany', 50, true),
       (106, 'Lakmann', 41, 'Germany', 31, true),
       (107, 'Marteria', 37, 'Germany', 27, true),
       (108, 'Sa4', NULL, 'Germany', 29, true),
       (109, 'Capuz', NULL, 'Germany', NULL, true),
       (110, 'LX', 34, 'Germany', 29, true),
       (111, 'Hanybal93', 36, 'Germany', NULL, true),
       (112, 'Olexesh', 32, 'Germany', 29, true),
       (113, 'Omik K', 31, 'Germany', 27, true),
       (114, 'Future', 36, 'USA', 18, true),
       (115, 'Sonus030', 31, 'Germany', NULL, true),
       (116, 'Data Luv', 16, 'Germany', 27, true),
       (117, 'RIN', NULL, 'Germany', 31, true),
       (118, 'Yung Hurn', 25, 'Austria', 31, true),
       (119, 'Quavo', 29, 'USA', 18, true),
       (120, 'Rich The Kid', 28, 'USA', 18, true),
       (121, 'Capital Bra', 25, 'Germany', 27, true),
       (122, 'Namika', 29, 'Germany', 50, true),
       (123, 'Haftbefehl', 34, 'Germany', 29, true),
       (124, 'XATAR', 38, 'Germany', 27, true),
       (125, 'Marc Sloan', NULL, 'Unknown', NULL, true),
       (126, 'Sascha', NULL, 'Germany', NULL, true),
       (127, 'Dadi', NULL, 'Unknown', NULL, true),
       (128, 'Martin Kautz', 41, 'Germany', NULL, true),
       (129, 'Jonathan Walter', 34, 'Germany', NULL, true),
       (130, 'Maxim', 38, 'Germany', 50, true),
       (131, 'Eminem', 47, 'USA', 51, true),
       (132, 'Young M.A', 28, 'USA', 20, true),
       (133, 'Royce Da 5''9"', 43, 'USA', 44, true),
       (134, 'White Gold', NULL, 'USA', NULL, true),
       (135, 'Ed Sheeran', 29, 'UK', 41, true),
       (136, 'Skylar Grey', 34, 'USA', 52, true),
       (137, 'Black Thought', 48, 'USA', 44, true),
       (138, 'Q-Tip', 50, 'USA', 44, true),
       (139, 'Denaun', 41, 'USA', NULL, true),
       (140, 'Anderson .Paak', 34, 'USA', 53, true),
       (141, 'Don Toliver', 26, 'USA', 21, true),
       (142, 'KXNG Crooked', 44, 'USA', 54, true),
       (143, 'Joell Ortiz', 40, 'USA', 44, true),
       (144, 'Joyner Lucas', 32, 'USA', 55, true),
       (145, 'Jessie Reyez', 29, 'Canada', 11, true),
       (146, 'Beyoncé', 39, 'USA', 8, true),
       (147, 'PHresher', 31, 'USA', 56, true),
       (148, 'Alicia Keys', 39, 'USA', 57, true),
       (149, 'X Ambassadors', NULL, 'USA', 6, true),
       (150, 'Kehlani', 25, 'USA', 41, true),
       (151, 'P!nk', 41, 'USA', 8, true),
       (152, 'System Of A Down', NULL, 'USA', 1, true),
       (153, 'Limp Bizkit', NULL, 'USA', 1, true),
       (154, 'Raekwon', 50, 'USA', 44, true),
       (155, 'Xzibit', 45, 'USA', 51, true),
       (156, 'DJ Premier', 54, 'USA', 44, true),
       (157, 'Redman', 50, 'USA', 5, true),
       (158, 'Method Man', 49, 'USA', 5, true),
       (159, 'DMX', 49, 'USA', 5, true),
       (160, 'My Chemical Romance', NULL, 'USA', 58, true),
       (161, 'Jah Khalib', 26, 'Kazakhstan', 59, true),
       (162, 'Veysel', 36, 'Germany', 60, true),
       (163, 'Rico', NULL, 'Germany', NULL, true),
       (164, 'Skepsis', NULL, 'Germany', NULL, true),
       (165, 'BTNG', 38, 'Germany', 29, true),
       (166, 'Gringo', NULL, 'Germany', 31, true),
       (167, 'AK AUSSERKONTROLLE', NULL, 'Germany', 27, true),
       (168, 'Fatal', 30, 'Germany', 61, true),
       (169, 'SSIO', 31, 'Germany', 29, true),
       (170, 'Rico Sperling', NULL, 'Germany', NULL, true),
       (171, 'Raphael Ragucci', 36, 'Austria', NULL, true),
       (172, 'Nizi', NULL, 'Germany', NULL, true),
       (173, 'Skinny Al', NULL, 'Germany', 62, true),
       (174, 'Haudegen', NULL, 'Germany', 63, true),
       (175, 'Daniel Spencer', NULL, 'Germany', NULL, true),
       (176, 'blink-182', NULL, 'USA', 65, true),
       (177, 'Green Day', NULL, 'USA', 66, true),
       (178, 'Nickelback', NULL, 'Canada', 1, true),
       (179, 'Flo Rida', 40, 'USA', 8, true),
       (180, 'Trailerpark', NULL, 'Germany', 29, false),
       (181, 'Pater Vortex', NULL, 'Germany', NULL, true),
       (182, 'Disturbed', NULL, 'USA', 1, true),
       (183, 'Myles Kennedy', 50, 'USA', 67, true),
       (184, 'Slipknot', NULL, 'USA', 1, true),
       (185, 'Pitbull', 39, 'USA', 8, true),
       (186, 'Kiesza', 31, 'Canada', 8, true),
       (187, 'Robin Thicke', 43, 'USA', 8, true),
       (188, 'Joe Perry', 70, 'USA', 67, true),
       (189, 'LunchMoney Lewis', 32, 'USA', 68, true),
       (190, 'Enrique Iglesias', 45, 'Spain', 8, true),
       (191, 'Ty Dolla $ign', 38, 'USA', 20, true),
       (192, 'Jennifer Lopez', 51, 'USA', 8, true),
       (193, 'Stephen Marley', 48, 'USA', 48, true),
       (194, 'Jason Derulo', 30, 'USA', 8, true),
       (195, 'Leona Lewis', 35, 'UK', 69, true),
       (196, 'R. Kelly', 53, 'USA', NULL, true),
       (197, 'Austin Mahone', 24, 'USA', 8, true),
       (198, 'Steven A. Clark', NULL, 'USA', 70, true),
       (199, 'Ape Drums', 30, 'USA', NULL, true),
       (200, 'Sean Paul', 47, 'Jamaica', 8, true),
       (201, 'Chris Brown', 31, 'USA', 8, true),
       (202, 'John Ryan', 33, 'USA', NULL, true),
       (203, 'Ne-Yo', 40, 'USA', 8, true),
       (204, 'Chloe Angelides', 28, 'USA', NULL, true),
       (205, 'Heymous Molly', NULL, 'Unknown', NULL, true),
       (206, 'Juicy J', 45, 'USA', 71, true),
       (207, 'G.R.L.', NULL, 'USA', 8, true),
       (208, 'Bebe Rexha', 31, 'USA', 8, true),
       (209, 'Black Eyed Peas', NULL, 'USA', 8, true),
       (210, 'J Balvin', 35, 'Columbia', 16, true),
       (211, 'Maluma', 26, 'Columbia', 72, true),
       (212, 'Ozuna', 28, 'Puerto Rico', 16, true),
       (213, 'J. Rey Soul', NULL, 'USA', NULL, true),
       (214, 'Shakira', 43, 'Columbia', 73, true),
       (215, 'Nicky Jam', 39, 'USA', 16, true),
       (216, 'Tyga', 30, 'USA', 8, true),
       (217, 'El Alfa', 29, 'Dominican Republic', 74, true),
       (218, 'Piso 21', NULL, 'Columbia', 73, true),
       (219, 'Becky G', 23, 'USA', 8, true),
       (220, 'French Montana', 35, 'Morocco', 20, true),
       (221, 'Nas', 46, 'USA', 45, true),
       (222, 'Esthero', 41, 'Canada', 75, true),
       (223, 'Slick Rick', 55, 'UK', 44, true),
       (224, 'CL', NULL, 'Unknown', 76, true),
       (225, 'Phife Dawg', 46, 'USA', 5, false),
       (226, 'Ali Shaheed Muhammad', 50, 'USA', NULL, true),
       (227, 'Posdnuos', 51, 'USA', 77, true),
       (228, 'Nicole Scherzinger', 42, 'USA', 8, true),
       (229, 'Justin Timberlake', 39, 'USA', 8, true),
       (230, 'Chris Stapleton', 42, 'USA', 78, true),
       (231, 'Timbaland', 48, 'USA', 8, true),
       (232, 'T.I.', 39, 'USA', 18, true),
       (233, 'Three 6 Mafia', NULL, 'USA', 71, true),
       (234, 'will.i.am', 45, 'USA', 8, true),
       (235, 'Britney Spears', 38, 'USA', 8, true),
       (236, 'G-Eazy', 31, 'USA', 20, true),
       (237, 'Tinashe', 27, 'USA', 8, true),
       (238, 'Don Philip', NULL, 'USA', NULL, true),
       (239, 'Davidson Ospina', 48, 'USA', NULL, true),
       (240, 'Boy Wunder', NULL, 'USA', NULL, true),
       (241, 'Bruno Mars', 34, 'USA', 8, true),
       (242, 'Damian Marley', 42, 'Jamaica', 79, true),
       (243, 'B.o.B', 31, 'USA', 18, true),
       (244, 'CeeLo Green', 45, 'USA', 18, true),
       (245, 'Johnny Vicious', NULL, 'USA', 80, true),
       (246, 'Justin Michael', 32, 'USA', NULL, true),
       (247, 'Kemal', NULL, 'Unknown', NULL, true),
       (248, '2 Chainz', 42, 'USA', 18, true),
       (249, 'Jordin Sparks', 30, 'USA', 8, true),
       (250, 'The Game', 40, 'USA', 3, true),
       (251, 'Snoop Dogg', 48, 'USA', 81, true),
       (252, 'Kid Ink', 34, 'USA', 8, true),
       (253, 'Backstreet Boys', NULL, 'USA', 82, true),
       (254, 'Coldplay', NULL, 'UK', 66, true),
       (255, 'Peter Fox', 49, 'Germany', 27, true),
       (256, 'Vanessa Mason', 43, 'Germany', NULL, true),
       (257, 'Red Hot Chili Peppers', NULL, 'USA', 83, true),
       (258, 'Roland Kaiser', 68, 'Germany', 84, true),
       (259, 'Barbara Schöneberger', 46, 'Germany', 50, true),
       (260, 'Maite Kelly', 40, 'Germany', 50, true),
       (261, 'LEA', 28, 'Germany', 50, true),
       (262, 'Kalazh44', NULL, 'Germany', 27, true),
       (263, 'Summer Cem', 37, 'Germany', 27, true),
       (264, 'Nimo', 24, 'Germany', 27, true),
       (265, 'Nash', 28, 'Germany', 27, true),
       (266, 'Eno', 23, 'Germany', 27, true),
       (267, 'Bushido', 41, 'Germany', 27, true),
       (268, 'Zuna', 27, 'Germany', 60, true),
       (269, 'SAMY', 42, 'Germany', 27, true),
       (270, 'King Khalil', 29, 'Germany', 29, true),
       (271, 'Capital T', 28, 'Kosovo', 85, true),
       (272, 'Nirvana', NULL, 'USA', 83, false);

ALTER TABLE artist ALTER COLUMN artistid RESTART WITH 273;


-- Tabellenstruktur für Tabelle 'album'
--

CREATE TABLE album
(
    albumid        integer     NOT NULL GENERATED BY DEFAULT AS IDENTITY PRIMARY KEY,
    title          VARCHAR(80) NOT NULL,
    artistid       integer     NOT NULL REFERENCES artist (artistid),
    publishingyear integer     NOT NULL
);


--
-- Daten für Tabelle 'album'
--

INSERT INTO album
VALUES (1, 'One More Light Live', 1, 2017),
       (2, 'One More Light', 1, 2017),
       (3, 'The Hunting Party', 1, 2014),
       (4, 'LIVING THINGS', 1, 2012),
       (5, 'Shawn Mendes (Deluxe)', 9, 2019),
       (6, 'Illuminate (Deluxe)', 9, 2017),
       (7, 'Handwritten', 9, 2015),
       (8, 'Legends Never Die', 14, 2020),
       (9, 'Death Race For Love', 14, 2019),
       (10, 'Goodbye & Good Riddance', 14, 2018),
       (11, 'Future & Juice WRLD Present... WRLD ON DRUGS', 14, 2018),
       (12, 'The Search', 31, 2019),
       (13, 'Perception', 31, 2017),
       (14, 'Therapy Session', 31, 2016),
       (15, 'Mansion', 31, 2015),
       (16, 'ZENIT RR', 39, 2020),
       (17, 'ZENIT', 39, 2019),
       (18, 'Palmen aus Plastik 2', 39, 2018),
       (19, 'Anthrazit RR', 39, 2017),
       (20, 'Anthrazit', 39, 2017),
       (21, 'Schwarze Materie II', 39, 2017),
       (22, 'Tannen aus Plastik', 39, 2016),
       (23, 'Palmen aus Plastik', 39, 2016),
       (24, 'Ghøst', 39, 2016),
       (25, 'Therapie nach dem Tod', 39, 2012),
       (26, 'Therapie nach dem Album', 39, 2010),
       (27, 'RAMMSTEIN', 71, 2019),
       (28, 'LIEBE IST FÜR ALLE DA', 71, 2009),
       (29, 'ROSENROT', 71, 2005),
       (30, 'Reise, Reise', 71, 2004),
       (31, 'Mutter', 71, 2001),
       (32, 'Bad Vibes Forever', 72, 2019),
       (33, '? (Deluxe)', 72, 2019),
       (34, 'SKINS', 72, 2018),
       (35, '17', 72, 2017),
       (36, 'Treppenhaus', 95, 2020),
       (37, 'Platte', 95, 2019),
       (38, 'Ich & keine Maske', 96, 2019),
       (39, 'Royal Bunker', 96, 2017),
       (40, 'High & Hungrig 2', 40, 2016),
       (41, 'High & Hungrig', 40, 2014),
       (42, 'Rich Rich', 49, 2020),
       (43, 'WAVE', 49, 2019),
       (44, 'VVS', 49, 2018),
       (45, '808', 49, 2018),
       (46, 'Ich bin 3 Berliner', 49, 2017),
       (47, 'Luna', 64, 2020),
       (48, 'Heavy Rain', 64, 2020),
       (49, 'Aurora MC', 64, 2019),
       (50, 'Aurora', 64, 2019),
       (51, 'EXIT', 64, 2014),
       (52, 'Music To Be Murdered By', 131, 2020),
       (53, 'Kamikaze', 131, 2018),
       (54, 'Revival', 131, 2017),
       (55, 'Hypnotize', 152, 2005),
       (56, 'Mezmerize', 152, 2005),
       (57, 'Steal This Album!', 152, 2002),
       (58, 'Toxicity', 152, 2001),
       (59, 'Gold Cobra', 153, 2011),
       (60, 'Chocolate Starfish And The Hot Dog Flavored Water', 153, 2008),
       (61, 'A Thousand Suns', 1, 2010),
       (62, 'May Death Never Stop You', 160, 2014),
       (63, 'The Black Parade Is Dead!', 160, 2008),
       (64, 'The Black Parade', 160, 2006),
       (65, 'Gzuz', 43, 2020),
       (66, 'Wolke 7', 43, 2018),
       (67, 'Sie wollten Wasser doch kriegen Benzin', 45, 2019),
       (68, 'Erde & Knochen', 45, 2018),
       (69, 'Gute Nacht', 45, 2017),
       (70, 'Labyrinth', 45, 2016),
       (71, 'Aus dem Schatten ins Licht', 45, 2015),
       (72, 'NINE', 176, 2019),
       (73, 'California (Deluxe)', 176, 2017),
       (74, 'Father of All...', 177, 2020),
       (75, 'Revolution Radio', 177, 2016),
       (76, 'Demolicious', 177, 2014),
       (77, '21st Century Breakdown', 177, 2009),
       (78, 'American Idiot (Deluxe)', 177, 2004),
       (79, 'Feed the Machine', 178, 2017),
       (80, 'No Fixed Address', 178, 2014),
       (81, 'Here And Now', 178, 2011),
       (82, 'Dark Horse', 178, 2008),
       (83, 'All the Right Reasons', 178, 2005),
       (84, 'The Long Road', 178, 2003),
       (85, 'TP4L', 180, 2017),
       (86, 'Crackstreet Boys 3 (Bonus Tracks Version)', 180, 2014),
       (87, '÷ (Deluxe)', 135, 2017),
       (88, 'x (Deluxe Edition)', 135, 2014),
       (89, '+', 135, 2011),
       (90, 'Evolution (Deluxe Edition)', 182, 2018),
       (91, 'Immortalized', 182, 2015),
       (92, 'Asylum (Deluxe Edition)', 182, 2010),
       (93, 'Indestructible (Deluxe Edition)', 182, 2008),
       (94, 'Ten Thousand Fists', 182, 2005),
       (95, 'We Are Not Your Kind', 184, 2019),
       (96, '.5: The Gray Chapter', 184, 2014),
       (97, 'Slipknot (10th Anniversary Edition)', 184, 2009),
       (98, 'All Hope Is Gone', 184, 2008),
       (99, 'Vol. 3 The Subliminal Verses', 184, 2004),
       (100, 'Iowa', 184, 2001),
       (101, 'Climate Change', 185, 2017),
       (102, 'Globalization', 185, 2014),
       (103, 'TRANSLATION', 209, 2020),
       (104, 'MASTERS OF THE SUN VOL. 1', 209, 2018),
       (105, 'The Beginning', 209, 2010),
       (106, 'THE E.N.D. (THE ENERGY NEVER DIES)', 209, 2009),
       (107, 'Man of the Woods', 229, 2018),
       (108, 'FutureSex/LoveSounds', 229, 2006),
       (109, 'Justified', 229, 2002),
       (110, 'Glory', 235, 2020),
       (111, 'Britney (Digital Deluxe Version)', 235, 2001),
       (112, 'Oops!... I Did It Again', 235, 2000),
       (113, '...Baby One More Time (Digital Deluxe Version)', 235, 1999),
       (114, '24K Magic', 241, 2016),
       (115, 'Unorthodox Jukebox', 241, 2012),
       (116, 'Doo-Wops & Hooligans', 241, 2010),
       (117, 'Jason Derulo (10th Anniversary Deluxe)', 194, 2020),
       (118, 'Tattoos', 194, 2013),
       (119, 'Talk Dirty (Deluxe Edition)', 194, 2013),
       (120, 'Future History', 194, 2011),
       (121, 'DNA', 253, 2019),
       (122, 'In a World Like This (Deluxe World Tour Edition)', 253, 2014),
       (123, 'This Is Us', 253, 2009),
       (124, 'Millennium', 253, 1999),
       (125, 'Backstreet''s Back', 253, 1997),
       (126, 'Backstreet Boys', 253, 1996),
       (127, 'Everyday Life', 254, 2019),
       (128, 'A Head Full of Dreams', 254, 2015),
       (129, 'Ghost Stories', 254, 2014),
       (130, 'Viva La Vida or Death and All His Friends', 254, 2008),
       (131, 'Stadtaffe', 255, 2008),
       (132, 'Californication', 257, 1999),
       (133, 'Alles oder dich (Edition 2020)', 258, 2020),
       (134, 'Alles Kaiser (Das Beste am Leben)', 258, 2019),
       (135, 'Das Beste', 258, 2017),
       (136, 'Berlin lebt 2', 121, 2019),
       (137, 'CB6', 121, 2019),
       (138, 'Allein', 121, 2018),
       (139, 'Berlin lebt', 121, 2018),
       (140, 'Nirvana', 272, 2002),
       (141, 'Nevermind', 272, 1991);

ALTER TABLE album ALTER COLUMN albumid RESTART WITH 142;

-- -----------------------------------------------------------------------------

--
-- Tabellenstruktur für Tabelle 'song'
--

CREATE TABLE song
(
    songid   integer     NOT NULL GENERATED BY DEFAULT AS IDENTITY PRIMARY KEY,
    title    VARCHAR(80) NOT NULL,
    albumid  integer REFERENCES album (albumid),
    length   integer     NOT NULL,
    explicit boolean     NOT NULL
);

-- Daten für Tabelle 'song'
--
INSERT INTO song
VALUES (1, 'Talking to Myself - One More Light Live', 1, 316, false),
       (2, 'Burn It Down - One More Light Live', 1, 253, true),
       (3, 'Battle Symphony - One More Light Live', 1, 225, false),
       (4, 'New Divide - One More Light Live', 1, 270, false),
       (5, 'Invisible - One More Light Live', 1, 270, false),
       (6, 'Nobody Can Save Me - One More Light Live', 1, 239, false),
       (7, 'One More Light - One More Light Live', 1, 259, false),
       (8, 'Crawling - One More Light Live', 1, 209, false),
       (9, 'Leave Out All The Rest - One More Light Live', 1, 290, false),
       (10, 'Good Goodbye (feat. Stormzy) - One More Light Live', 1, 248, true),
       (11, 'What I''ve Done - One More Light Live', 1, 273, false),
       (12, 'In the End - One More Light Live', 1, 228, false),
       (13, 'Sharp Edges - One More Light Live', 1, 287, false),
       (14, 'Numb - One More Light Live', 1, 230, false),
       (15, 'Heavy - One More Light Live', 1, 176, true),
       (16, 'Bleed It Out - One More Light Live', 1, 297, true),
       (17, 'Nobody Can Save Me', 2, 225, false),
       (18, 'Good Goodbye (feat. Pusha T and Stormzy)', 2, 211, false),
       (19, 'Talking to Myself', 2, 231, false),
       (20, 'Battle Symphony', 2, 216, false),
       (21, 'Invisible', 2, 214, false),
       (22, 'Heavy (feat. Kiiara)', 2, 169, true),
       (23, 'Sorry for Now', 2, 203, false),
       (24, 'Halfway Right', 2, 217, false),
       (25, 'One More Light', 2, 255, false),
       (26, 'Sharp Edges', 2, 178, false),
       (27, 'Keys to the Kingdom', 3, 218, false),
       (28, 'All for Nothing (feat. Page Hamilton)', 3, 213, false),
       (29, 'Guilty All the Same (feat. Rakim)', 3, 355, false),
       (30, 'The Summoning', 3, 60, false),
       (31, 'War', 3, 131, false),
       (32, 'Wastelands', 3, 195, false),
       (33, 'Until It''s Gone', 3, 233, false),
       (34, 'Rebellion (feat. Daron Malakian)', 3, 224, false),
       (35, 'Mark the Graves', 3, 305, false),
       (36, 'Drawbar (feat. Tom Morello)', 3, 166, false),
       (37, 'Final Masquerade', 3, 217, false),
       (38, 'A Line in the Sand', 3, 395, false),
       (39, 'LOST IN THE ECHO', 4, 205, false),
       (40, 'IN MY REMAINS', 4, 200, false),
       (41, 'BURN IT DOWN', 4, 230, false),
       (42, 'LIES GREED MISERY', 4, 146, false),
       (43, 'I''LL BE GONE', 4, 211, false),
       (44, 'CASTLE OF GLASS', 4, 205, false),
       (45, 'VICTIMIZED', 4, 106, false),
       (46, 'ROADS UNTRAVELED', 4, 229, false),
       (47, 'SKIN TO BONE', 4, 168, false),
       (48, 'UNTIL IT BREAKS', 4, 223, false),
       (49, 'TINFOIL', 4, 71, false),
       (50, 'POWERLESS', 4, 224, false),
       (51, 'Señorita', 5, 190, false),
       (52, 'Lost In Japan', 5, 200, false),
       (53, 'If I Can''t Have You', 5, 191, false),
       (54, 'In My Blood', 5, 211, false),
       (55, 'Fallin'' All In You', 5, 235, false),
       (56, 'Where Were You In The Morning?', 5, 200, false),
       (57, 'Nervous', 5, 164, false),
       (58, 'Like To Be You (feat. Julia Michaels)', 5, 159, false),
       (59, 'Particular Taste', 5, 175, false),
       (60, 'Because I Had You', 5, 142, false),
       (61, 'Why', 5, 238, false),
       (62, 'Youth (feat. Khalid)', 5, 190, false),
       (63, 'Perfectly Wrong', 5, 212, false),
       (64, 'Mutual', 5, 148, false),
       (65, 'Queen', 5, 204, false),
       (66, 'When You''re Ready', 5, 169, false),
       (67, 'There''s Nothing Holdin'' Me Back', 6, 199, false),
       (68, 'Ruin', 6, 241, false),
       (69, 'Mercy', 6, 208, false),
       (70, 'Treat You Better', 6, 187, false),
       (71, 'Three Empty Words', 6, 199, false),
       (72, 'Don''t Be A Fool', 6, 215, false),
       (73, 'Like This', 6, 186, false),
       (74, 'No Promises', 6, 166, false),
       (75, 'Lights On', 6, 201, false),
       (76, 'Honest', 6, 199, false),
       (77, 'Patience', 6, 175, false),
       (78, 'Bad Reputation', 6, 198, false),
       (79, 'Understand', 6, 300, false),
       (80, 'Hold On', 6, 199, false),
       (81, 'Roses', 6, 232, false),
       (82, 'Mercy - Acoustic', 6, 219, false),
       (83, 'Life Of The Party', 7, 214, false),
       (84, 'Stitches', 7, 206, false),
       (85, 'Never Be Alone', 7, 215, false),
       (86, 'Kid In Love', 7, 225, false),
       (87, 'I Don''t Even Know Your Name', 7, 180, false),
       (88, 'Something Big', 7, 161, false),
       (89, 'Strings', 7, 190, false),
       (90, 'Aftertaste', 7, 169, false),
       (91, 'Air', 7, 194, false),
       (92, 'Crazy', 7, 191, false),
       (93, 'A Little Too Much', 7, 187, false),
       (94, 'This Is What It Takes', 7, 230, false),
       (95, 'I Know What You Did Last Summer', 7, 223, false),
       (96, 'Anxiety - Intro', 8, 70, true),
       (97, 'Conversations', 8, 181, true),
       (98, 'Titanic', 8, 176, true),
       (99, 'Bad Energy', 8, 186, true),
       (100, 'Righteous', 8, 242, true),
       (101, 'Blood On My Jeans', 8, 154, true),
       (102, 'Smile (with The Weeknd)', 8, 196, true),
       (103, 'Tell Me U Luv Me (with Trippie Redd)', 8, 180, true),
       (104, 'Hate The Other Side (with Marshmello & The Kid Laroi)', 8, 160, true),
       (105, 'Get Through It - Interlude', 8, 20, true),
       (106, 'Life''s A Mess (feat. Halsey)', 8, 202, true),
       (107, 'Come & Go (with Marshmello)', 8, 205, true),
       (108, 'I Want It', 8, 173, true),
       (109, 'Fighting Demons', 8, 200, true),
       (110, 'Wishing Well', 8, 194, true),
       (111, 'Screw Juice', 8, 179, true),
       (112, 'Up Up And Away', 8, 147, true),
       (113, 'The Man, The Myth, The Legend - Interlude', 8, 136, true),
       (114, 'Stay High', 8, 168, true),
       (115, 'Can''t Die', 8, 182, true),
       (116, 'Empty', 9, 248, true),
       (117, 'Maze', 9, 144, true),
       (118, 'HeMotions', 9, 187, true),
       (119, 'Demonz (feat. Brent Faiyaz) - Interlude', 9, 95, true),
       (120, 'Fast', 9, 208, true),
       (121, 'Hear Me Calling', 9, 189, true),
       (122, 'Big', 9, 224, true),
       (123, 'Robbery', 9, 240, true),
       (124, 'Flaws And Sins', 9, 218, true),
       (125, 'Feeling', 9, 201, true),
       (126, 'Syphilis', 9, 131, true),
       (127, 'Who Shot Cupid?', 9, 214, true),
       (128, 'Ring Ring (with Rvssian feat. Clever)', 9, 171, true),
       (129, 'Desire', 9, 189, true),
       (130, 'Out My Way', 9, 156, true),
       (131, 'The Bees Knees', 9, 325, true),
       (132, 'ON GOD (feat. Young Thug)', 9, 250, true),
       (133, '10 Feet', 9, 212, true),
       (134, 'Won’t Let Go', 9, 200, true),
       (135, 'She’s The One', 9, 188, true),
       (136, 'Intro', 10, 74, true),
       (137, 'All Girls Are The Same', 10, 165, true),
       (138, 'Lucid Dreams', 10, 239, true),
       (139, 'Wasted (feat. Lil Uzi Vert)', 10, 258, true),
       (140, 'Armed And Dangerous', 10, 169, true),
       (141, 'Black & White', 10, 186, true),
       (142, 'Lean Wit Me', 10, 175, true),
       (143, 'I''ll Be Fine', 10, 244, true),
       (144, 'Used To', 10, 176, true),
       (145, 'Candles', 10, 183, true),
       (146, 'Scared Of Love', 10, 170, true),
       (147, 'Hurt Me', 10, 122, true),
       (148, 'I''m Still', 10, 192, true),
       (149, 'End Of The Road', 10, 162, true),
       (150, 'Long Gone', 10, 187, true),
       (151, 'Betrayal - Skit', 10, 64, true),
       (152, 'Karma - Skit', 10, 74, true),
       (153, 'Jet Lag (feat. Young Scooter)', 11, 271, true),
       (154, 'Astronauts', 11, 169, true),
       (155, 'Fine China', 11, 141, true),
       (156, 'Red Bentley (feat. Young Thug)', 11, 207, true),
       (157, 'Make It Back', 11, 102, true),
       (158, 'Oxy (feat. Lil Wayne)', 11, 180, true),
       (159, '7 Am Freestyle', 11, 192, true),
       (160, 'Different (feat. Yung Bans)', 11, 151, true),
       (161, 'Shorty', 11, 121, true),
       (162, 'Realer N Realer', 11, 170, true),
       (163, 'No Issue', 11, 184, true),
       (164, 'WRLD On Drugs', 11, 217, true),
       (165, 'Afterlife', 11, 214, true),
       (166, 'Ain''t Livin Right (feat. Gunna)', 11, 230, true),
       (167, 'Transformer (feat. Nicki Minaj)', 11, 196, true),
       (168, 'Hard Work Pays Off', 11, 224, true),
       (169, 'The Search', 12, 248, false),
       (170, 'Leave Me Alone', 12, 308, false),
       (171, 'Change', 12, 234, false),
       (172, 'My Stress', 12, 252, false),
       (173, 'Nate', 12, 302, false),
       (174, 'Time', 12, 240, false),
       (175, 'Returns', 12, 232, false),
       (176, 'When I Grow Up', 12, 196, false),
       (177, 'Only', 12, 225, false),
       (178, 'Let Me Go', 12, 277, false),
       (179, '-Interlude-', 12, 49, false),
       (180, 'Hate Myself', 12, 260, false),
       (181, 'I Miss The Days', 12, 269, false),
       (182, 'No Excuses', 12, 201, false),
       (183, 'Like This', 12, 207, false),
       (184, 'Options', 12, 206, false),
       (185, 'WHY', 12, 187, false),
       (186, 'Thinking', 12, 192, false),
       (187, 'Trauma', 12, 247, false),
       (188, 'Time - Edit', 12, 230, false),
       (189, 'Intro III', 13, 268, false),
       (190, 'Outcast', 13, 325, false),
       (191, '10 Feet Down', 13, 217, false),
       (192, 'Green Lights', 13, 181, false),
       (193, 'Dreams', 13, 221, false),
       (194, 'Let You Down', 13, 212, false),
       (195, 'Destiny', 13, 239, false),
       (196, 'My Life', 13, 215, false),
       (197, 'You''re Special', 13, 312, false),
       (198, 'If You Want Love', 13, 199, false),
       (199, 'Remember This', 13, 240, false),
       (200, 'Know', 13, 238, false),
       (201, 'Lie', 13, 209, false),
       (202, '3 A.M.', 13, 218, false),
       (203, 'One Hundred', 13, 192, false),
       (204, 'Outro', 13, 212, false),
       (205, 'Intro 2', 14, 195, false),
       (206, 'Therapy Session', 14, 331, false),
       (207, 'I Just Wanna Know', 14, 226, false),
       (208, 'How Could You Leave Us', 14, 322, false),
       (209, 'Breathe', 14, 259, false),
       (210, 'Real', 14, 263, false),
       (211, 'Oh Lord', 14, 198, false),
       (212, 'I Can Feel It', 14, 233, false),
       (213, 'Got You On My Mind', 14, 241, false),
       (214, 'Grindin''', 14, 277, false),
       (215, 'Wish You Wouldn''t', 14, 286, false),
       (216, 'Statement', 14, 190, false),
       (217, 'All I Do', 14, 228, false),
       (218, 'Lost In The Moment', 14, 242, false),
       (219, 'Intro', 15, 199, false),
       (220, 'Mansion', 15, 323, false),
       (221, 'All I Have', 15, 248, false),
       (222, 'Wait', 15, 242, false),
       (223, 'Wake Up', 15, 232, false),
       (224, 'Face It', 15, 219, false),
       (225, 'Motivated', 15, 261, false),
       (226, 'Notepad', 15, 218, false),
       (227, 'Turn The Music Up', 15, 199, false),
       (228, 'Paralyzed', 15, 270, false),
       (229, 'I''ll Keep On', 15, 254, false),
       (230, 'Can You Hold Me', 15, 221, false),
       (231, 'Zenit', 16, 122, false),
       (232, 'Kreiert', 16, 163, false),
       (233, 'Vendetta', 16, 155, true),
       (234, 'Adriana', 16, 165, false),
       (235, 'Verändert', 16, 195, false),
       (236, 'Resumee Worte', 16, 75, true),
       (237, 'Traum', 16, 187, true),
       (238, 'Puta Madre - Long Version', 16, 266, true),
       (239, 'Nichts als Nichts', 16, 229, true),
       (240, 'Resumee Risiko', 16, 86, true),
       (241, 'Cinema', 16, 222, false),
       (242, 'Meteorit', 16, 228, true),
       (243, 'Unnormal', 16, 199, true),
       (244, 'Finale 1150', 16, 175, true),
       (245, 'Resumee Rabe', 16, 128, false),
       (246, 'Sag ihnen 2', 16, 184, true),
       (247, 'Vendetta RR - Bonustrack', 16, 153, true),
       (248, 'Puta Madre - Bonustrack', 16, 209, true),
       (249, 'Bin weg', 16, 161, true),
       (250, 'Es geht voran', 16, 179, true),
       (251, 'Zenit', 17, 122, false),
       (252, 'Kreiert', 17, 163, false),
       (253, 'Vendetta', 17, 155, true),
       (254, 'Adriana', 17, 165, false),
       (255, 'Verändert', 17, 195, false),
       (256, 'Resumee Worte', 17, 75, true),
       (257, 'Traum', 17, 187, true),
       (258, 'Puta Madre - Long Version', 17, 266, true),
       (259, 'Nichts als Nichts', 17, 229, true),
       (260, 'Resumee Risiko', 17, 86, true),
       (261, 'Cinema', 17, 222, false),
       (262, 'Meteorit', 17, 228, true),
       (263, 'Unnormal', 17, 199, true),
       (264, 'Finale 1150', 17, 175, true),
       (265, 'Resumee Rabe', 17, 128, false),
       (266, 'Sag ihnen 2', 17, 184, true),
       (267, 'Vendetta RR - Bonustrack', 17, 153, true),
       (268, 'Puta Madre - Bonustrack', 17, 209, true),
       (269, 'Intro', 18, 33, true),
       (270, 'Prominent', 18, 158, true),
       (271, '500 PS', 18, 181, true),
       (272, 'Kokain', 18, 209, true),
       (273, 'Nummer unterdrückt', 18, 208, true),
       (274, 'Von ihnen gelernt', 18, 232, true),
       (275, 'Ja Mann!', 18, 188, true),
       (276, 'Kompanie', 18, 159, true),
       (277, 'Nein', 18, 194, true),
       (278, 'Risiko', 18, 223, true),
       (279, 'Krimineller', 18, 187, true),
       (280, 'Prophezeit', 18, 162, true),
       (281, 'MDMA', 18, 186, true),
       (282, 'Alien', 18, 214, true),
       (283, '100', 18, 218, true),
       (284, 'Anthrazit', 19, 132, true),
       (285, 'Vienna', 19, 184, true),
       (286, 'Alles probiert', 19, 280, true),
       (287, 'Bye, Bye', 19, 223, true),
       (288, 'Primo', 19, 203, true),
       (289, 'Roots', 19, 243, true),
       (290, 'Donna Imma', 19, 196, true),
       (291, 'Niemals', 19, 201, true),
       (292, 'Andere Liga', 19, 221, true),
       (293, 'Luft', 19, 169, true),
       (294, 'Money', 19, 248, true),
       (295, 'Teflon', 19, 214, true),
       (296, 'Augenblick', 19, 215, true),
       (297, 'Entertainment', 19, 209, true),
       (298, 'Was jetzt', 19, 236, true),
       (299, 'In meiner Wolke', 19, 198, true),
       (300, 'Kontrollieren', 19, 201, true),
       (301, 'Sag Nix', 19, 188, true),
       (302, 'Gotham City', 19, 147, true),
       (303, 'Verkauft', 19, 198, true),
       (304, 'Anthrazit', 20, 132, true),
       (305, 'Vienna', 20, 184, true),
       (306, 'Alles probiert', 20, 280, true),
       (307, 'Bye, Bye', 20, 223, true),
       (308, 'Primo', 20, 203, true),
       (309, 'Roots', 20, 243, true),
       (310, 'Donna Imma', 20, 196, true),
       (311, 'Niemals', 20, 201, true),
       (312, 'Andere Liga', 20, 221, true),
       (313, 'Luft', 20, 169, true),
       (314, 'Money', 20, 248, true),
       (315, 'Teflon', 20, 214, true),
       (316, 'Augenblick', 20, 215, true),
       (317, 'Entertainment', 20, 209, true),
       (318, 'Was jetzt', 20, 236, true),
       (319, 'In meiner Wolke', 20, 198, true),
       (320, 'Kontrollieren', 20, 201, true),
       (321, 'Raben', 21, 231, true),
       (322, 'Celentano', 21, 210, true),
       (323, 'Alle', 21, 240, true),
       (324, 'Ein Mal zuviel', 21, 223, true),
       (325, 'Brief', 21, 195, true),
       (326, 'Vienna - Remix', 21, 165, true),
       (327, 'Raben - Instrumental', 21, 231, true),
       (328, 'Celentano - Instrumental', 21, 210, true),
       (329, 'Alle - Instrumental', 21, 240, true),
       (330, 'Ein Mal zuviel - Instrumental', 21, 223, true),
       (331, 'Brief - Instrumental', 21, 195, true),
       (332, 'Vienna - Remix (Instrumental)', 21, 165, true),
       (333, 'Palmen aus Gold', 22, 201, true),
       (334, 'An ihnen vorbei', 22, 200, true),
       (335, 'Skandale', 22, 194, true),
       (336, 'Atramis', 22, 176, true),
       (337, 'Verräter', 22, 227, true),
       (338, 'Palmen aus Gold - Instrumental', 22, 201, false),
       (339, 'An ihnen vorbei - Instrumental', 22, 200, false),
       (340, 'Skandale - Instrumental', 22, 194, false),
       (341, 'Atramis - Instrumental', 22, 176, false),
       (342, 'Verräter - Instrumental', 22, 227, false),
       (343, 'Intro', 23, 38, false),
       (344, 'Ciao Ciao', 23, 153, false),
       (345, 'Palmen aus Plastik', 23, 184, true),
       (346, 'Mörder', 23, 214, true),
       (347, 'Ohne mein Team', 23, 188, true),
       (348, 'Erblindet', 23, 190, false),
       (349, 'Evil', 23, 342, true),
       (350, 'Attackieren', 23, 242, true),
       (351, 'Killa', 23, 156, true),
       (352, 'Ruhe nach dem Sturm', 23, 194, false),
       (353, 'Vaporizer', 23, 232, true),
       (354, 'Dankbarkeit', 23, 209, true),
       (355, 'Skimaske', 23, 147, true),
       (356, 'Cabriolet', 23, 213, false),
       (357, 'Daneben', 23, 224, true),
       (358, 'Intro - Long Version', 23, 50, false),
       (359, 'Ciao Ciao - Instrumental', 23, 153, false),
       (360, 'Palmen aus Plastik - Instrumental', 23, 181, false),
       (361, 'Mörder - Instrumental', 23, 214, false),
       (362, 'Ohne mein Team - Instrumental', 23, 188, false),
       (363, 'R.R.B.B.', 24, 126, false),
       (364, 'NOAH', 24, 214, false),
       (365, 'Creator', 24, 177, false),
       (366, 'Dämonen', 24, 271, false),
       (367, 'Schaufenster', 24, 173, false),
       (368, 'So lala', 24, 211, false),
       (369, 'Hero', 24, 200, false),
       (370, 'Kaleidoskop', 24, 222, false),
       (371, 'Panzer', 24, 207, false),
       (372, 'Ghøst', 24, 214, false),
       (373, 'Geschichte', 24, 181, false),
       (374, 'Mein Leben', 24, 262, false),
       (375, 'Verzeih mir', 24, 224, false),
       (376, 'Nummer', 24, 249, false),
       (377, 'Schlangen', 24, 188, false),
       (378, 'Magnetisch', 24, 192, false),
       (379, 'KDL', 25, 180, false),
       (380, 'Ich zähle sie ab', 25, 210, false),
       (381, 'Solange alles gleich bleibt', 25, 211, false),
       (382, 'Top', 25, 228, false),
       (383, 'Selbst Schuld', 25, 223, false),
       (384, 'Ssslos?!', 25, 208, false),
       (385, 'Perfekt', 25, 183, false),
       (386, 'Nächster Stop angekommen', 25, 208, false),
       (387, 'Der Wald', 25, 223, false),
       (388, 'Spaceman', 25, 181, false),
       (389, 'Fickt euch', 25, 153, false),
       (390, 'Rabe', 25, 196, false),
       (391, 'Otto normal', 25, 184, false),
       (392, 'Groupie Handy', 25, 182, false),
       (393, 'Mein Croko ist Hipster', 25, 174, false),
       (394, 'Big up', 25, 234, false),
       (395, 'Intro', 26, 88, false),
       (396, 'Was ich will', 26, 157, false),
       (397, 'Ihr & Ich', 26, 220, false),
       (398, 'Schwarzer Rabe', 26, 169, false),
       (399, 'Beef', 26, 243, false),
       (400, 'Mah Jah', 26, 235, false),
       (401, 'Reise nach Jerusalem', 26, 121, false),
       (402, 'Traumatisiert', 26, 185, false),
       (403, 'Party zu 5 oder 10', 26, 172, false),
       (404, 'Independenza', 26, 140, false),
       (405, 'Kranich', 26, 195, false),
       (406, '5 Haus', 26, 197, false),
       (407, 'Wo ist mein Kroko', 26, 156, false),
       (408, 'Yo - Remix', 26, 298, false),
       (409, 'Bad Like We - Konshens & Delus', 26, 221, false),
       (410, 'Solange du gut aussiehst - Remix', 26, 248, false),
       (411, 'Fakkermusik - Remix', 26, 258, false),
       (412, 'Bevor ich gehe', 26, 179, false),
       (413, 'Outro', 26, 474, false),
       (414, 'DEUTSCHLAND', 27, 322, false),
       (415, 'RADIO', 27, 277, false),
       (416, 'ZEIG DICH', 27, 255, false),
       (417, 'AUSLÄNDER', 27, 231, false),
       (418, 'SEX', 27, 236, false),
       (419, 'PUPPE', 27, 273, false),
       (420, 'WAS ICH LIEBE', 27, 269, false),
       (421, 'DIAMANT', 27, 154, false),
       (422, 'WEIT WEG', 27, 260, false),
       (423, 'TATTOO', 27, 251, false),
       (424, 'HALLOMANN', 27, 251, false),
       (425, 'RAMMLIED', 28, 318, false),
       (426, 'ICH TU DIR WEH', 28, 301, false),
       (427, 'WAIDMANNS HEIL', 28, 212, false),
       (428, 'HAIFISCH', 28, 224, false),
       (429, 'B********', 28, 254, false),
       (430, 'FRÜHLING IN PARIS', 28, 284, false),
       (431, 'WIENER BLUT', 28, 232, false),
       (432, 'PUSSY', 28, 239, true),
       (433, 'LIEBE IST FüR ALLE DA', 28, 205, false),
       (434, 'MEHR', 28, 248, false),
       (435, 'ROTER SAND', 28, 239, false),
       (436, 'FÜHRE MICH', 28, 273, false),
       (437, 'DONAUKINDER', 28, 317, false),
       (438, 'HALT', 28, 260, false),
       (439, 'ROTER SAND - ORCHESTER VERSION', 28, 245, false),
       (440, 'LIESE', 28, 235, false),
       (441, 'BENZIN', 29, 226, false),
       (442, 'MANN GEGEN MANN', 29, 230, false),
       (443, 'ROSENROT', 29, 234, false),
       (444, 'SPRING', 29, 324, false),
       (445, 'WO BIST DU', 29, 235, false),
       (446, 'STIRB NICHT VOR MIR (DON''T DIE BEFORE I DO)', 29, 245, false),
       (447, 'ZERSTÖREN', 29, 328, false),
       (448, 'HILF MIR', 29, 283, false),
       (449, 'TE QUIERO PUTA!', 29, 235, false),
       (450, 'FEUER UND WASSER', 29, 312, false),
       (451, 'EIN LIED', 29, 223, false),
       (452, 'REISE, REISE', 30, 251, false),
       (453, 'MEIN TEIL', 30, 272, false),
       (454, 'DALAI LAMA', 30, 338, false),
       (455, 'KEINE LUST', 30, 222, false),
       (456, 'LOS', 30, 263, false),
       (457, 'AMERIKA', 30, 226, false),
       (458, 'MOSKAU', 30, 256, false),
       (459, 'MORGENSTERN', 30, 239, false),
       (460, 'STEIN UM STEIN', 30, 232, false),
       (461, 'OHNE DICH', 30, 271, false),
       (462, 'AMOUR', 30, 290, false),
       (463, 'Mein Herz brennt', 31, 279, false),
       (464, 'Links 2 3 4', 31, 216, false),
       (465, 'Sonne', 31, 272, false),
       (466, 'Ich will', 31, 217, false),
       (467, 'Feuer frei!', 31, 188, false),
       (468, 'Mutter', 31, 268, false),
       (469, 'Spieluhr', 31, 286, false),
       (470, 'Zwitter', 31, 257, false),
       (471, 'Rein raus', 31, 189, false),
       (472, 'Adios', 31, 228, false),
       (473, 'Nebel', 31, 294, false),
       (474, 'introduction', 32, 103, true),
       (475, 'Ex Bitch', 32, 121, true),
       (476, 'UGLY', 32, 91, true),
       (477, 'bad vibes forever', 32, 150, true),
       (478, 'School Shooters', 32, 93, true),
       (479, 'I Changed Her Life', 32, 108, true),
       (480, 'Triumph', 32, 166, true),
       (481, 'LIMBO', 32, 194, true),
       (482, 'before i realize', 32, 94, true),
       (483, 'Ecstasy', 32, 240, true),
       (484, 'Kill My Vibe', 32, 128, true),
       (485, 'Hot Gyal', 32, 134, true),
       (486, 'THE ONLY TIME I FEEL ALIVE', 32, 163, true),
       (487, 'the interlude that never ends', 32, 148, true),
       (488, 'Daemons', 32, 172, true),
       (489, 'ATTENTION!', 32, 120, true),
       (490, 'Eat It Up', 32, 105, true),
       (491, 'Voss', 32, 107, true),
       (492, 'Royalty', 32, 203, true),
       (493, 'wanna grow old (i won''t let go)', 32, 131, true),
       (494, 'Introduction (instructions)', 33, 117, false),
       (495, 'ALONE, PART 3', 33, 109, false),
       (496, 'Moonlight', 33, 135, true),
       (497, 'SAD!', 33, 166, true),
       (498, 'the remedy for a broken heart (why am I so in love)', 33, 160, true),
       (499, 'Floor 555', 33, 93, true),
       (500, 'NUMB', 33, 186, false),
       (501, 'infinity (888)', 33, 176, true),
       (502, 'going down!', 33, 115, true),
       (503, 'Pain = BESTFRIEND', 33, 101, false),
       (504, '$$$', 33, 130, true),
       (505, 'love yourself (interlude)', 33, 48, true),
       (506, 'SMASH!', 33, 109, true),
       (507, 'I don’t even speak spanish lol', 33, 192, false),
       (508, 'changes', 33, 121, false),
       (509, 'Hope', 33, 110, true),
       (510, 'schizophrenia', 33, 80, false),
       (511, 'before I close my eyes', 33, 99, false),
       (512, 'ALONE, PART 3 - Instrumental', 33, 107, false),
       (513, 'Moonlight - Instrumental', 33, 135, false),
       (514, 'Introduction', 34, 31, false),
       (515, 'Guardian angel', 34, 108, true),
       (516, 'Train food', 34, 164, true),
       (517, 'whoa (mind in awe)', 34, 157, false),
       (518, 'BAD!', 34, 94, false),
       (519, 'STARING AT THE SKY', 34, 85, false),
       (520, 'One Minute (feat. Kanye West & Travis Barker)', 34, 197, true),
       (521, 'difference (interlude)', 34, 76, false),
       (522, 'I don’t let go', 34, 121, true),
       (523, 'what are you so afraid of', 34, 150, false),
       (524, 'The Explanation', 35, 50, true),
       (525, 'Jocelyn Flores', 35, 119, true),
       (526, 'Depression & Obsession', 35, 144, true),
       (527, 'Everybody Dies In Their Nightmares', 35, 95, true),
       (528, 'Revenge', 35, 120, true),
       (529, 'Save Me', 35, 163, true),
       (530, 'Dead Inside (Interlude)', 35, 86, true),
       (531, 'Fuck Love (feat. Trippie Redd)', 35, 146, true),
       (532, 'Carry On', 35, 129, true),
       (533, 'Orlando', 35, 163, true),
       (534, 'Ayala (Outro)', 35, 99, true),
       (535, '28 Liter', 36, 173, false),
       (536, 'Sie ruft', 36, 152, false),
       (537, 'Fame', 36, 173, false),
       (538, 'Beifahrersitz', 36, 179, false),
       (539, 'Unterwegs', 36, 172, false),
       (540, 'Bläulich', 36, 196, false),
       (541, 'Stimmen', 36, 196, false),
       (542, 'Boot', 36, 193, false),
       (543, 'Auf und Ab', 36, 160, false),
       (544, 'Nur noch einen Schluck', 36, 178, false),
       (545, 'Nie verstehen', 36, 177, false),
       (546, 'Matrix', 36, 184, false),
       (547, 'Sex mit dir', 37, 173, true),
       (548, 'Roller', 37, 157, true),
       (549, 'Beef', 37, 146, true),
       (550, '200 km/h', 37, 163, true),
       (551, 'Keine Fragen', 37, 173, true),
       (552, 'Wieso tust Du dir das an?', 37, 176, true),
       (553, 'Doch in der Nacht', 37, 191, true),
       (554, 'Grey Goose', 37, 166, true),
       (555, 'Wie Papa', 38, 159, false),
       (556, 'Junge von der Straße', 38, 198, false),
       (557, 'Melatonin', 38, 184, false),
       (558, '2002', 38, 237, false),
       (559, 'Leben vor dem Tod', 38, 165, false),
       (560, 'Beste Zeit', 38, 167, false),
       (561, 'High', 38, 227, true),
       (562, 'Energie', 38, 182, true),
       (563, 'Jedes Geheimnis', 38, 174, false),
       (564, 'Papu', 38, 204, false),
       (565, 'Fällig', 38, 198, false),
       (566, 'Das Buch', 38, 185, false),
       (567, 'Schono ke', 38, 181, false),
       (568, 'Pyramiden', 38, 215, false),
       (569, 'Haste nich gesehen', 39, 210, true),
       (570, 'Royal Bunker', 39, 208, false),
       (571, 'Jedes Wort ist Gold wert', 39, 210, false),
       (572, 'Unterschied', 39, 170, false),
       (573, 'Wenn ich oben bin', 39, 202, false),
       (574, 'Hall Of Fame', 39, 223, false),
       (575, 'Freund/Feind', 39, 190, false),
       (576, 'Keene Probleme', 39, 228, true),
       (577, 'Neue Welt', 39, 244, true),
       (578, 'Meine Pflicht', 39, 167, false),
       (579, 'Haie', 39, 185, false),
       (580, 'Alles noch beim Alten', 39, 201, false),
       (581, 'Normale Leute', 39, 235, false),
       (582, 'Leben geben', 39, 210, false),
       (583, 'Haste nich gesehen - Instrumental', 39, 210, false),
       (584, 'Royal Bunker - Instrumental', 39, 208, false),
       (585, 'Jedes Wort ist Gold wert - Instrumental', 39, 210, false),
       (586, 'Unterschied - Instrumental', 39, 170, false),
       (587, 'Wenn ich oben bin - Instrumental', 39, 202, false),
       (588, 'Hall Of Fame - Instrumental', 39, 223, false),
       (589, 'Intro', 40, 174, false),
       (590, 'Wolke 7', 40, 155, false),
       (591, 'Legendär', 40, 234, false),
       (592, 'Meine Couch', 40, 223, false),
       (593, 'Optimal', 40, 161, false),
       (594, 'Hauptsache laut', 40, 226, false),
       (595, 'Alles okay', 40, 157, false),
       (596, 'Das Gefühl', 40, 180, false),
       (597, 'Unser Park', 40, 246, false),
       (598, 'Blättchen und Ganja', 40, 201, false),
       (599, 'Oh weia', 40, 174, false),
       (600, 'Model', 40, 168, false),
       (601, 'Rum Cola', 40, 151, false),
       (602, 'Wiederbelebt', 40, 178, false),
       (603, 'Einfach weiterfliegen', 40, 236, false),
       (604, 'Intro', 41, 43, false),
       (605, 'Scheiß Tag', 41, 241, true),
       (606, 'Geld', 41, 161, false),
       (607, 'Wer wir sind', 41, 223, false),
       (608, 'Krass', 41, 140, false),
       (609, 'Guck mich um', 41, 163, false),
       (610, 'Mit uns', 41, 233, false),
       (611, 'Klack 1830', 41, 250, false),
       (612, 'Immer noch', 41, 152, false),
       (613, 'Auf Tour', 41, 181, false),
       (614, 'Ferrari', 41, 130, false),
       (615, 'Dagegen', 41, 178, false),
       (616, 'Hektik', 41, 205, false),
       (617, 'Leggaschmegga', 41, 203, false),
       (618, 'Dieses Boot', 41, 216, false),
       (619, 'Eliantte', 42, 159, false),
       (620, 'Rich Rich', 42, 204, true),
       (621, 'Big Drip', 42, 173, true),
       (622, 'Fokus auf die Zukunft', 42, 110, true),
       (623, 'Final Fantasy', 42, 177, true),
       (624, 'Do Not Disturb', 42, 184, true),
       (625, 'Bad Girls, Good Vibes', 42, 107, false),
       (626, 'Emotions', 42, 146, false),
       (627, 'Allein sein', 42, 147, true),
       (628, 'Kobe Bryant', 42, 171, false),
       (629, 'Rolling Loud', 42, 176, true),
       (630, 'Nur zur Info', 42, 142, true),
       (631, 'Big Drip - Sonus030 Remix', 42, 198, true),
       (632, 'Wave', 43, 149, false),
       (633, 'Richard Millie', 43, 158, true),
       (634, 'Shot', 43, 224, false),
       (635, 'On Time', 43, 221, true),
       (636, 'Irina Shayk', 43, 147, true),
       (637, 'Next', 43, 164, true),
       (638, 'Monster', 43, 202, true),
       (639, 'Warum willst du mich', 43, 242, false),
       (640, 'Lost', 43, 238, true),
       (641, '04:30', 43, 195, false),
       (642, 'Nummer', 43, 182, false),
       (643, 'Pass auf wen du liebst', 43, 209, false),
       (644, 'Swiss Made', 43, 182, true),
       (645, 'Gib Gas', 43, 173, true),
       (646, 'Nike Leggins', 43, 179, true),
       (647, 'Poseidon', 43, 103, true),
       (648, 'Keiner da, wenn du suchst', 43, 166, false),
       (649, 'VVS', 44, 182, true),
       (650, 'Palmen', 44, 204, true),
       (651, 'Drachenanhänger', 44, 220, true),
       (652, 'Vorbeikommen', 44, 182, true),
       (653, 'Handgelenk', 44, 214, true),
       (654, 'Verändert', 44, 261, true),
       (655, 'Codein 2.0 / Verrat dir was', 44, 363, true),
       (656, 'Paradies', 44, 231, true),
       (657, 'Tanz der Vampire', 44, 213, true),
       (658, '6ix9ine', 44, 182, true),
       (659, 'Kein Fugazi', 44, 188, true),
       (660, '40K', 44, 216, true),
       (661, 'Antwerpen', 44, 217, true),
       (662, 'Sprite', 44, 203, true),
       (663, 'Sonnenuntergang', 44, 202, true),
       (664, 'Was nimmst du mit', 44, 240, true),
       (665, 'VVS Outro', 44, 222, true),
       (666, 'Ohne Mich', 45, 251, true),
       (667, 'Beverly Hills', 45, 200, true),
       (668, 'Kontostand', 45, 197, true),
       (669, 'Balenciaga', 45, 200, true),
       (670, 'Superstar', 45, 210, true),
       (671, 'Power', 45, 209, true),
       (672, 'Alpträume', 45, 228, true),
       (673, 'Odio', 45, 217, true),
       (674, 'Dream', 45, 245, true),
       (675, 'Gewinn', 45, 180, true),
       (676, 'Erober die Welt', 45, 247, true),
       (677, 'Stay High 2.0', 45, 247, true),
       (678, '808', 45, 125, true),
       (679, 'Geh mir aus dem Weg', 46, 158, true),
       (680, 'Mister T', 46, 266, true),
       (681, 'Heute bezahl ich', 46, 220, true),
       (682, 'Wann wenn nicht jetzt', 46, 202, true),
       (683, 'James Dean', 46, 268, true),
       (684, 'Traum', 46, 183, true),
       (685, 'Du weißt wo ich wohn', 46, 318, true),
       (686, 'Der Pate', 46, 228, true),
       (687, '110', 46, 171, true),
       (688, 'Wer', 46, 254, true),
       (689, 'Gin des Lebens', 46, 236, true),
       (690, '1000 Bitches', 46, 251, true),
       (691, 'Kein Anlass', 46, 273, true),
       (692, 'Gott sei dank', 46, 241, true),
       (693, 'Ich will nicht sterben', 46, 240, true),
       (694, 'Mir', 46, 242, true),
       (695, 'Für die Gang', 46, 200, true),
       (696, 'Diamonds', 46, 172, true),
       (697, 'Migos', 46, 203, true),
       (698, 'Kein Fake Shit', 46, 223, true),
       (699, 'Intro (Hell)', 47, 130, false),
       (700, 'Nicht mehr', 47, 175, false),
       (701, 'Ohne Worte', 47, 184, false),
       (702, 'Sie', 47, 169, false),
       (703, 'Von Anfang an', 47, 162, false),
       (704, 'Das traurigste Lied der Welt', 47, 227, false),
       (705, 'Schwerelos', 47, 238, false),
       (706, 'Intro (Dunkel)', 47, 85, false),
       (707, 'Schwarz weiss', 47, 165, false),
       (708, 'Ich meine S', 47, 150, false),
       (709, 'Nimm mich mit', 47, 188, false),
       (710, 'Semtex', 47, 166, false),
       (711, 'Dam dam', 47, 148, false),
       (712, 'Chaos', 47, 164, false),
       (713, 'Intro / Heavy Rain', 48, 165, false),
       (714, 'Mein Kopf Mein Herz', 48, 184, false),
       (715, 'Gotham', 48, 194, false),
       (716, 'Zehner Turm', 48, 212, false),
       (717, '1 Up', 48, 208, false),
       (718, 'Salto Mortale', 48, 157, false),
       (719, 'Requiem', 48, 217, false),
       (720, 'Nie richtig', 48, 237, false),
       (721, 'Is okay', 48, 158, false),
       (722, 'Santa Maria', 48, 206, false),
       (723, 'Valentine', 48, 211, false),
       (724, 'Nicht wir', 48, 196, false),
       (725, 'Mehr als Musik', 48, 181, false),
       (726, 'Outro', 48, 211, false),
       (727, 'Notre Dame MC', 49, 182, false),
       (728, 'Alles Drama', 49, 151, false),
       (729, 'Wilde Welt MC', 49, 181, false),
       (730, 'Großstadtwüste', 49, 198, false),
       (731, 'Ich denk mich weg MC', 49, 185, false),
       (732, 'Unendlichwelt', 49, 152, false),
       (733, 'Verloren MC', 49, 179, false),
       (734, 'Helium', 49, 200, false),
       (735, 'Wilde Welt', 50, 231, false),
       (736, 'Verloren', 50, 206, false),
       (737, 'Wir finden uns wieder', 50, 216, false),
       (738, 'Ich denk mich weg', 50, 175, false),
       (739, 'Tempi Novi', 50, 197, false),
       (740, 'Notre Dame', 50, 184, false),
       (741, 'Kristallklar', 50, 195, true),
       (742, 'Polarlicht', 50, 184, false),
       (743, 'Tür zu', 51, 103, false),
       (744, '1000 Dinge', 51, 199, false),
       (745, 'Drehscheibe', 51, 240, false),
       (746, 'Dunkel-Hell', 51, 211, false),
       (747, 'Licht aus', 51, 188, false),
       (748, 'Gegenwind', 51, 191, false),
       (749, 'EXIT', 51, 262, false),
       (750, 'Stück für Stück', 51, 259, false),
       (751, 'Charlie Brown', 51, 194, false),
       (752, 'RBM (feat. Jonathan Walter)', 51, 236, false),
       (753, 'Halbzeit', 51, 173, false),
       (754, 'OFF', 51, 225, false),
       (755, 'Glas-Beton (feat. Maxim)', 51, 258, false),
       (756, 'Roofer', 51, 218, false),
       (757, 'Raupe (feat. RAF Camora)', 51, 171, false),
       (758, 'Anfang des Traums', 51, 222, false),
       (759, 'Tür auf', 51, 140, false),
       (760, 'Das Letzte - In Vallis Session', 51, 210, false),
       (761, 'Faden verloren - In Vallis Session', 51, 149, false),
       (762, 'Stille - In Vallis Session', 51, 149, false),
       (763, 'Premonition - Intro', 52, 173, true),
       (764, 'Unaccommodating (feat. Young M.A)', 52, 216, true),
       (765, 'You Gon’ Learn (feat. Royce Da 5''9" & White Gold)', 52, 234, true),
       (766, 'Alfred - Interlude', 52, 30, true),
       (767, 'Those Kinda Nights (feat. Ed Sheeran)', 52, 177, true),
       (768, 'In Too Deep', 52, 194, true),
       (769, 'Godzilla (feat. Juice WRLD)', 52, 210, true),
       (770, 'Darkness', 52, 337, true),
       (771, 'Leaving Heaven (feat. Skylar Grey)', 52, 265, true),
       (772, 'Yah Yah (feat. Royce Da 5''9", Black Thought, Q-Tip & Denaun)', 52, 286, true),
       (773, 'Stepdad - Intro', 52, 15, true),
       (774, 'Stepdad', 52, 213, true),
       (775, 'Marsh', 52, 200, true),
       (776, 'Never Love Again', 52, 177, true),
       (777, 'Little Engine', 52, 177, true),
       (778, 'Lock It Up (feat. Anderson .Paak)', 52, 170, true),
       (779, 'Farewell', 52, 247, true),
       (780, 'No Regrets (feat. Don Toliver)', 52, 200, true),
       (781, 'I Will (feat. KXNG Crooked, Royce Da 5''9" & Joell Ortiz)', 52, 303, true),
       (782, 'Alfred - Outro', 52, 39, true),
       (783, 'The Ringer', 53, 337, true),
       (784, 'Greatest', 53, 226, true),
       (785, 'Lucky You (feat. Joyner Lucas)', 53, 244, true),
       (786, 'Paul - Skit', 53, 35, false),
       (787, 'Normal', 53, 222, true),
       (788, 'Em Calls Paul - Skit', 53, 49, true),
       (789, 'Stepping Stone', 53, 309, true),
       (790, 'Not Alike (feat. Royce Da 5''9)', 53, 288, true),
       (791, 'Kamikaze', 53, 216, true),
       (792, 'Fall', 53, 262, true),
       (793, 'Nice Guy (with Jessie Reyez)', 53, 150, true),
       (794, 'Good Guy (feat. Jessie Reyez)', 53, 142, true),
       (927, 'Famous Last Words', 62, 300, false),
       (795, 'Venom - Music From The Motion Picture', 53, 269, true),
       (796, 'Walk On Water (feat. Beyoncé)', 54, 303, true),
       (797, 'Believe', 54, 315, true),
       (798, 'Chloraseptic (feat. Phresher)', 54, 301, true),
       (799, 'Untouchable', 54, 370, true),
       (800, 'River (feat. Ed Sheeran)', 54, 221, true),
       (801, 'Remind Me (Intro)', 54, 26, true),
       (802, 'Remind Me', 54, 225, true),
       (803, 'Revival (Interlude)', 54, 51, false),
       (804, 'Like Home (feat. Alicia Keys)', 54, 245, true),
       (805, 'Bad Husband (feat. X Ambassadors)', 54, 287, true),
       (806, 'Tragic Endings (feat. Skylar Grey)', 54, 252, true),
       (807, 'Framed', 54, 252, true),
       (808, 'Nowhere Fast (feat. Kehlani)', 54, 264, true),
       (809, 'Heat', 54, 250, true),
       (810, 'Offended', 54, 320, true),
       (811, 'Need Me (feat. Pink)', 54, 265, true),
       (812, 'In Your Head', 54, 182, true),
       (813, 'Castle', 54, 254, true),
       (814, 'Arose', 54, 274, true),
       (815, 'Attack', 55, 186, false),
       (816, 'Dreaming', 55, 239, false),
       (817, 'Kill Rock ''n Roll', 55, 147, true),
       (818, 'Hypnotize', 55, 189, false),
       (819, 'Stealing Society', 55, 178, true),
       (820, 'Tentative', 55, 216, false),
       (821, 'U-Fig', 55, 175, false),
       (822, 'Holy Mountains', 55, 328, false),
       (823, 'Vicinity Of Obscenity', 55, 171, false),
       (824, 'She''s Like Heroin', 55, 164, true),
       (825, 'Lonely Day', 55, 167, false),
       (826, 'Soldier Side', 55, 220, false),
       (827, 'Soldier Side - Intro', 56, 63, false),
       (828, 'B.Y.O.B.', 56, 255, true),
       (829, 'Revenga', 56, 228, false),
       (830, 'Cigaro', 56, 131, true),
       (831, 'Radio/Video', 56, 249, false),
       (832, 'This Cocaine Makes Me Feel Like I''m On This Song', 56, 128, false),
       (833, 'Violent Pornography', 56, 211, true),
       (834, 'Question!', 56, 200, false),
       (835, 'Sad Statue', 56, 205, false),
       (836, 'Old School Hollywood', 56, 176, false),
       (837, 'Lost In Hollywood', 56, 320, false),
       (838, 'Chic ''N'' Stu', 57, 143, false),
       (839, 'Innervision', 57, 153, false),
       (840, 'Bubbles', 57, 116, false),
       (841, 'Boom!', 57, 134, true),
       (842, 'Nüguns', 57, 150, false),
       (843, 'A.D.D. (American Dream Denial)', 57, 197, true),
       (844, 'Mr. Jack', 57, 249, true),
       (845, 'I-E-A-I-A-I-O', 57, 188, true),
       (846, '36', 57, 46, false),
       (847, 'Pictures', 57, 126, false),
       (848, 'Highway Song', 57, 193, false),
       (849, 'Fuck the System', 57, 132, true),
       (850, 'Ego Brain', 57, 201, false),
       (851, 'Thetawaves', 57, 156, false),
       (852, 'Roulette', 57, 201, false),
       (853, 'Streamline', 57, 217, false),
       (854, 'Prison Song', 58, 201, false),
       (855, 'Needles', 58, 193, false),
       (856, 'Deer Dance', 58, 174, false),
       (857, 'Jet Pilot', 58, 126, false),
       (858, 'X', 58, 118, false),
       (859, 'Chop Suey!', 58, 210, false),
       (860, 'Bounce', 58, 114, false),
       (861, 'Forest', 58, 240, false),
       (862, 'ATWA', 58, 176, false),
       (863, 'Science', 58, 162, false),
       (864, 'Shimmy', 58, 110, false),
       (865, 'Toxicity', 58, 218, false),
       (866, 'Psycho', 58, 225, false),
       (867, 'Aerials', 58, 235, false),
       (868, 'Arto', 58, 133, false),
       (869, 'Introbra', 59, 80, false),
       (870, 'Bring It Back', 59, 137, true),
       (871, 'Gold Cobra', 59, 233, true),
       (872, 'Shark Attack', 59, 206, true),
       (873, 'Get A Life', 59, 294, true),
       (874, 'Shotgun', 59, 272, true),
       (875, 'Douche Bag', 59, 222, true),
       (876, 'Walking Away', 59, 285, false),
       (877, 'Loser', 59, 293, true),
       (878, 'Autotunage', 59, 300, true),
       (879, '90.2.10', 59, 258, true),
       (880, 'Why Try', 59, 171, true),
       (881, 'Killer In You', 59, 226, true),
       (882, 'Back Porch', 59, 202, true),
       (883, 'My Own Cobain', 59, 220, true),
       (884, 'Angels', 59, 200, true),
       (885, 'Combat Jazz', 59, 158, true),
       (886, 'Intro', 60, 78, false),
       (887, 'Hot Dog', 60, 230, false),
       (888, 'My Generation', 60, 220, false),
       (889, 'Full Nelson', 60, 247, false),
       (890, 'My Way', 60, 273, false),
       (891, 'Rollin'' (Air Raid Vehicle)', 60, 213, false),
       (892, 'Livin'' It Up', 60, 263, false),
       (893, 'The One', 60, 222, false),
       (894, 'Getcha Groove On - Dirt Road Mix', 60, 268, false),
       (895, 'Take A Look Around', 60, 319, false),
       (896, 'It''ll Be OK', 60, 306, false),
       (897, 'Boiler', 60, 345, false),
       (898, 'Hold On', 60, 345, false),
       (899, 'Rollin'' (Urban Assault Vehicle)', 60, 383, false),
       (900, 'Outro', 60, 589, false),
       (901, 'The Requiem', 61, 121, false),
       (902, 'The Radiance', 61, 57, false),
       (903, 'Burning in the Skies', 61, 253, false),
       (904, 'Empty Spaces', 61, 18, false),
       (905, 'When They Come for Me', 61, 293, false),
       (906, 'Robot Boy', 61, 268, false),
       (907, 'Jornada Del Muerto', 61, 94, false),
       (908, 'Waiting for the End', 61, 231, false),
       (909, 'Blackout', 61, 279, false),
       (910, 'Wretches and Kings', 61, 250, false),
       (911, 'Wisdom, Justice, and Love', 61, 98, false),
       (912, 'Iridescent', 61, 296, false),
       (913, 'Fallout', 61, 83, false),
       (914, 'The Catalyst', 61, 339, false),
       (915, 'The Messenger', 61, 181, false),
       (916, 'Fake Your Death', 62, 200, false),
       (917, 'Honey, This Mirror Isn''t Big Enough for the Two of Us', 62, 233, true),
       (918, 'Vampires Will Never Hurt You', 62, 326, false),
       (919, 'Helena', 62, 205, false),
       (920, 'You Know What They Do to Guys Like Us in Prison', 62, 175, true),
       (921, 'I''m Not Okay (I Promise)', 62, 188, true),
       (922, 'The Ghost of You', 62, 237, false),
       (923, 'Welcome to the Black Parade', 62, 314, false),
       (924, 'Cancer', 62, 144, false),
       (925, 'Mama', 62, 279, true),
       (926, 'Teenagers', 62, 162, false),
       (928, 'Na Na Na (Na Na Na Na Na Na Na Na Na)', 62, 206, true),
       (929, 'SING', 62, 271, false),
       (930, 'Planetary (GO!)', 62, 247, true),
       (931, 'The Kids from Yesterday', 62, 326, false),
       (932, 'Skylines and Turnstiles - Demo', 62, 210, false),
       (933, 'Knives / Sorrow - Demo', 62, 134, true),
       (934, 'Cubicles - Demo', 62, 239, false),
       (935, 'The End. - Live in Mexico City', 63, 154, false),
       (936, 'Dead! - Live in Mexico City', 63, 197, true),
       (937, 'This Is How I Disappear - Live in Mexico City', 63, 231, true),
       (938, 'The Sharpest Lives - Live in Mexico City', 63, 197, false),
       (939, 'Welcome to the Black Parade - Live in Mexico City', 63, 305, false),
       (940, 'I Don''t Love You - Live in Mexico City', 63, 227, false),
       (941, 'House of Wolves - Live in Mexico City', 63, 218, true),
       (942, 'Interlude - Live in Mexico City', 63, 61, false),
       (943, 'Cancer - Live in Mexico City', 63, 196, false),
       (944, 'Mama - Live in Mexico City', 63, 321, true),
       (945, 'Sleep - Live in Mexico City', 63, 331, false),
       (946, 'Teenagers - Live in Mexico City', 63, 183, false),
       (947, 'The Black Parade Is Dead! - Live in Mexico City', 63, 60, false),
       (948, 'Disenchanted - Live in Mexico City', 63, 298, false),
       (949, 'Famous Last Words - Live in Mexico City', 63, 307, false),
       (950, 'Blood - End Credits', 63, 81, true),
       (951, 'The End.', 64, 112, false),
       (952, 'Dead!', 64, 195, true),
       (953, 'This Is How I Disappear', 64, 239, false),
       (954, 'The Sharpest Lives', 64, 200, false),
       (955, 'Welcome to the Black Parade', 64, 311, false),
       (956, 'I Don''t Love You', 64, 238, false),
       (957, 'House of Wolves', 64, 184, true),
       (958, 'Cancer', 64, 142, false),
       (959, 'Mama', 64, 279, true),
       (960, 'Sleep', 64, 283, false),
       (961, 'Teenagers', 64, 161, false),
       (962, 'Disenchanted', 64, 295, false),
       (963, 'Famous Last Words', 64, 299, false),
       (964, 'Blood - Hidden Track', 64, 173, true),
       (965, 'Gazozial', 65, 158, true),
       (966, 'Loco', 65, 148, true),
       (967, 'Nie erwartet', 65, 159, true),
       (968, 'Kopfnüsse', 65, 152, true),
       (969, 'Verkackt', 65, 136, true),
       (970, 'Wie Gazi', 65, 158, true),
       (971, 'Was hat es gebracht', 65, 153, true),
       (972, 'Vor der Tür', 65, 171, true),
       (973, 'Kriminell', 65, 186, true),
       (974, 'Was ist jetzt', 65, 150, true),
       (975, 'Donuts', 65, 162, true),
       (976, 'Kapseln', 65, 221, true),
       (977, 'Ausgezahlt', 65, 158, true),
       (978, '¿ Warum ?', 66, 192, true),
       (979, 'Wolke 7', 66, 192, true),
       (980, 'Über Nacht', 66, 233, true),
       (981, 'Drück Drück', 66, 218, true),
       (982, 'Halftime', 66, 181, true),
       (983, 'Träume', 66, 215, true),
       (984, 'Bis dass der Tod uns scheidet', 66, 165, true),
       (985, 'Neuer Tag neues Drama', 66, 200, true),
       (986, 'Was erlebt', 66, 218, true),
       (987, 'Niemals satt', 66, 214, true),
       (988, 'Diskutieren?!', 66, 184, true),
       (989, 'Nur mit den Echten', 66, 195, true),
       (990, 'Weine nicht', 67, 207, false),
       (991, 'Warnung', 67, 194, false),
       (992, 'Nur ein Grund (feat. Jah Khalib)', 67, 192, true),
       (993, 'Ihre Sprache', 67, 222, false),
       (994, 'Benzin', 67, 204, false),
       (995, 'Kampfgeist 4', 67, 176, true),
       (996, 'Blei (feat. Veysel)', 67, 170, false),
       (997, 'So lang (feat. Rico & Skepsis)', 67, 254, true),
       (998, 'Letzte Träne', 67, 175, false),
       (999, 'Schicksal', 67, 194, true),
       (1000, 'Immer weiter', 67, 190, false),
       (1001, 'Bleib weg von mir (feat. RAF Camora)', 67, 189, false),
       (1002, 'Farben', 67, 219, true),
       (1003, 'Alles weg', 67, 180, false),
       (1004, 'Sag mir wo (feat. BTNG)', 67, 164, true),
       (1005, 'Honig (feat. Gringo)', 67, 192, false),
       (1006, 'Alles was sie will', 67, 182, false),
       (1007, 'Zu viele (feat. Joshi Mizu)', 67, 152, false),
       (1008, 'Skimaske (feat. AK Ausserkontrolle)', 67, 150, true),
       (1009, 'Niemals vergessen', 67, 195, false),
       (1010, 'Motten', 68, 202, false),
       (1011, 'Ganz ok', 68, 216, false),
       (1012, 'Himmel', 68, 213, false),
       (1013, 'Zu leicht', 68, 175, false),
       (1014, 'Oder nicht', 68, 211, false),
       (1015, 'Respekt (feat. Fatal)', 68, 183, false),
       (1016, 'Was weißt du schon', 68, 227, false),
       (1017, 'Ellenbogen raus (feat. SSIO)', 68, 165, false),
       (1018, 'Setz Dich (feat. AK Ausser Kontrolle & Gzuz)', 68, 265, false),
       (1019, 'Egal wer kommt (feat. Bausa)', 68, 204, false),
       (1020, 'Fußstapfen (feat. Rico)', 68, 223, false),
       (1021, 'Hunger', 68, 205, false),
       (1022, 'Geschwister (feat. BTNG)', 68, 160, false),
       (1023, 'Fame (feat. RAF Camora)', 68, 233, false),
       (1024, 'Ich hab dich', 68, 211, false),
       (1025, 'Zwischen Himmel & Hölle', 68, 225, false),
       (1026, 'Ohne Dich', 68, 258, false),
       (1027, 'Besser geh', 68, 211, false),
       (1028, 'Hoch', 68, 226, false),
       (1029, 'Jetzt oder niemals', 68, 182, false),
       (1030, 'Ratten', 69, 256, false),
       (1031, 'Diamanten', 69, 207, false),
       (1032, 'Mehr als ein Job', 69, 190, false),
       (1033, 'Hände weg (feat. Rico)', 69, 261, false),
       (1034, '2 Seelen', 69, 216, false),
       (1035, 'Power', 69, 204, false),
       (1036, 'Plem Plem (feat. Raf Camora & Bonez MC)', 69, 270, false),
       (1037, 'Einfach', 69, 204, false),
       (1038, 'Gute Nacht', 69, 227, false),
       (1039, 'Mosaik (feat. Rico)', 69, 193, false),
       (1040, 'Wie du', 69, 248, false),
       (1041, 'Gift (feat. BTNG & AK Ausser Kontrolle)', 69, 234, false),
       (1042, 'Instinkt', 69, 205, false),
       (1043, 'Jedes Mal (feat. Fatal & Skepsis)', 69, 240, false),
       (1044, 'Kreis (feat. Bausa)', 69, 245, false),
       (1045, 'Lass mal', 69, 195, false),
       (1046, 'Glücklichen', 69, 209, false),
       (1047, 'Lass mich los', 69, 337, false),
       (1048, 'Ratten - Instrumental', 69, 256, false),
       (1049, 'Diamanten - Instrumental', 69, 205, false),
       (1050, 'Atme tief ein', 70, 210, false),
       (1051, 'Ikarus', 70, 229, false),
       (1052, 'Bis hierher', 70, 237, false),
       (1053, 'Mitleid', 70, 214, false),
       (1054, 'Hoffnung', 70, 274, false),
       (1055, 'Wie könnt ich', 70, 210, false),
       (1056, 'Gut Böse (feat. Bonez MC, Nizi & RAF Camora)', 70, 294, false),
       (1057, 'Jetzt erst recht', 70, 199, false),
       (1058, 'Paradies (feat. Rico)', 70, 254, false),
       (1059, 'Nie wieder', 70, 209, false),
       (1060, 'Kampfgeist 3', 70, 221, false),
       (1061, 'An deiner Seite', 70, 212, false),
       (1062, 'Labyrinth', 70, 223, false),
       (1063, 'Brot stapeln (feat. Fatal, Rico & Skinny Al)', 70, 292, false),
       (1064, 'Geist', 70, 231, false),
       (1065, 'Tagtraum', 70, 200, false),
       (1066, 'Sohn', 70, 185, false),
       (1067, 'Bittersüß (feat. Haudegen)', 70, 239, false),
       (1068, 'Atme tief ein - Instrumental', 70, 210, false),
       (1069, 'Ikarus - Instrumental', 70, 227, false),
       (1070, 'Aus dem Schatten... (Intro)', 71, 92, false),
       (1071, 'Erfolg ist kein Glück', 71, 210, false),
       (1072, 'Atme den Regen', 71, 211, false),
       (1073, 'Bleib ruhig', 71, 269, false),
       (1074, 'Kampfgeist 2', 71, 230, false),
       (1075, 'Mein Herz', 71, 223, false),
       (1076, 'Hassliebe', 71, 213, false),
       (1077, 'Spring!', 71, 207, false),
       (1078, 'Träume', 71, 213, false),
       (1079, 'Eiskalt (feat. Daniel Spencer)', 71, 198, false),
       (1080, 'Hassen ist leicht (feat. Skinny Al)', 71, 181, false),
       (1081, 'Macht ($$$)', 71, 170, false),
       (1082, 'Karma', 71, 219, false),
       (1083, 'Augen zu', 71, 228, false),
       (1084, 'Disziplin', 71, 210, false),
       (1085, 'Wir brennen', 71, 187, false),
       (1086, '...ins Licht (Outro)', 71, 135, false),
       (1087, 'The First Time', 72, 146, false),
       (1088, 'Happy Days', 72, 179, false),
       (1089, 'Heaven', 72, 197, false),
       (1090, 'Darkside', 72, 180, false),
       (1091, 'Blame It On My Youth', 72, 185, false),
       (1092, 'Generational Divide', 72, 49, false),
       (1093, 'Run Away', 72, 147, false),
       (1094, 'Black Rain', 72, 166, false),
       (1095, 'I Really Wish I Hated You', 72, 191, false),
       (1096, 'Pin the Grenade', 72, 179, false),
       (1097, 'No Heart To Speak Of', 72, 220, false),
       (1098, 'Ransom', 72, 85, false),
       (1099, 'On Some Emo Shit', 72, 189, true),
       (1100, 'Hungover You', 72, 178, false),
       (1101, 'Remember To Forget Me', 72, 209, false),
       (1102, 'Cynical', 73, 115, false),
       (1103, 'Bored to Death', 73, 235, false),
       (1104, 'She''s Out of Her Mind', 73, 162, false),
       (1105, 'Los Angeles', 73, 183, false),
       (1106, 'Sober', 73, 179, false),
       (1107, 'Built this Pool', 73, 16, false),
       (1108, 'No Future', 73, 225, false),
       (1109, 'Home is Such a Lonely Place', 73, 201, false),
       (1110, 'Kings of the Weekend', 73, 176, false),
       (1111, 'Teenage Satellites', 73, 191, false),
       (1112, 'Left Alone', 73, 189, false),
       (1113, 'Rabbit Hole', 73, 155, true),
       (1114, 'San Diego', 73, 192, false),
       (1115, 'The Only Thing That Matters', 73, 117, false),
       (1116, 'California', 73, 190, false),
       (1117, 'Brohemian Rhapsody', 73, 30, false),
       (1118, 'Parking Lot', 73, 166, true),
       (1119, 'Misery', 73, 231, false),
       (1120, 'Good Old Days', 73, 203, false),
       (1121, 'Don''t Mean Anything', 73, 166, false),
       (1122, 'Father of All...', 74, 151, false),
       (1123, 'Fire, Ready, Aim', 74, 112, false),
       (1124, 'Oh Yeah!', 74, 171, false),
       (1125, 'Meet Me on the Roof', 74, 159, false),
       (1126, 'I Was a Teenage Teenager', 74, 224, false),
       (1127, 'Stab You in the Heart', 74, 130, false),
       (1128, 'Sugar Youth', 74, 114, true),
       (1129, 'Junkies on a High', 74, 186, false),
       (1130, 'Take the Money and Crawl', 74, 128, true),
       (1131, 'Graffitia', 74, 197, false),
       (1132, 'Somewhere Now', 75, 249, false),
       (1133, 'Bang Bang', 75, 205, false),
       (1134, 'Revolution Radio', 75, 180, false),
       (1135, 'Say Goodbye', 75, 219, false),
       (1136, 'Outlaws', 75, 302, false),
       (1137, 'Bouncing off the Wall', 75, 159, false),
       (1138, 'Still Breathing', 75, 224, false),
       (1139, 'Youngblood', 75, 152, true),
       (1140, 'Too Dumb to Die', 75, 203, false),
       (1141, 'Troubled Times', 75, 184, false),
       (1142, 'Forever Now', 75, 412, false),
       (1143, 'Ordinary World', 75, 182, false),
       (1144, '99 Revolutions - Demo', 76, 246, true),
       (1145, 'Angel Blue - Demo', 76, 175, true),
       (1146, 'Carpe Diem - Demo', 76, 219, false),
       (1147, 'State of Shock - Demo', 76, 147, false),
       (1148, 'Let Yourself Go - Demo', 76, 179, true),
       (1149, 'Sex, Drugs & Violence - Demo', 76, 205, false),
       (1150, 'Ashley - Demo', 76, 167, true),
       (1151, 'Fell for You - Demo', 76, 192, false),
       (1152, 'Stay the Night - Demo', 76, 280, true),
       (1153, 'Nuclear Family - Demo', 76, 183, false),
       (1154, 'Stray Heart - Demo', 76, 230, false),
       (1155, 'Rusty James - Demo', 76, 254, true),
       (1156, 'A Little Boy Named Train - Demo', 76, 237, false),
       (1157, 'Baby Eyes - Demo', 76, 135, true),
       (1158, 'Makeout Party - Demo', 76, 192, true),
       (1159, 'Oh Love - Demo', 76, 313, false),
       (1160, 'Missing You - Demo', 76, 221, true),
       (1161, 'Stay the Night - Acoustic', 76, 189, true),
       (1162, 'Song of the Century', 77, 57, false),
       (1163, '21st Century Breakdown', 77, 308, false),
       (1164, 'Know Your Enemy', 77, 190, false),
       (1165, '¡Viva La Gloria!', 77, 210, false),
       (1166, 'Before the Lobotomy', 77, 276, true),
       (1167, 'Christian''s Inferno', 77, 186, false),
       (1168, 'Last Night on Earth', 77, 236, false),
       (1169, 'East Jesus Nowhere', 77, 274, false),
       (1170, 'Peacemaker', 77, 203, false),
       (1171, 'Last of the American Girls', 77, 230, false),
       (1172, 'Murder City', 77, 174, false),
       (1173, '¿Viva La Gloria? (Little Girl)', 77, 227, false),
       (1174, 'Restless Heart Syndrome', 77, 258, false),
       (1175, 'Horseshoes and Handgrenades', 77, 193, true),
       (1176, 'The Static Age', 77, 256, true),
       (1177, '21 Guns', 77, 317, false),
       (1178, 'American Eulogy: Mass Hysteria / Modern World', 77, 265, true),
       (1179, 'See the Light', 77, 274, false),
       (1180, 'Know Your Enemy - Live', 77, 287, false),
       (1181, 'The Static Age - Live', 77, 269, true),
       (1182, 'American Idiot', 78, 174, true),
       (1183, 'Jesus of Suburbia', 78, 548, true),
       (1184, 'Holiday / Boulevard of Broken Dreams', 78, 493, true),
       (1185, 'Are We the Waiting / St. Jimmy', 78, 338, true),
       (1186, 'Give Me Novacaine / She''s a Rebel', 78, 326, false),
       (1187, 'Extraordinary Girl / Letterbomb', 78, 460, true),
       (1188, 'Wake Me up When September Ends', 78, 285, false),
       (1189, 'Homecoming', 78, 558, true),
       (1190, 'Whatsername', 78, 257, false),
       (1191, 'Too Much Too Soon', 78, 210, true),
       (1192, 'Shoplifter', 78, 110, false),
       (1193, 'Governator', 78, 151, false),
       (1194, 'Feed the Machine', 79, 302, false),
       (1195, 'Coin for the Ferryman', 79, 290, false),
       (1196, 'Song On Fire', 79, 230, false),
       (1197, 'Must Be Nice', 79, 222, false),
       (1198, 'After the Rain', 79, 214, false),
       (1199, 'For the River', 79, 208, false),
       (1200, 'Home', 79, 232, false),
       (1201, 'The Betrayal (Act III)', 79, 260, false),
       (1202, 'Silent Majority', 79, 232, false),
       (1203, 'Every Time We''re Together', 79, 232, false),
       (1204, 'The Betrayal (Act I)', 79, 162, false),
       (1205, 'Million Miles An Hour', 80, 250, true),
       (1206, 'Edge Of A Revolution', 80, 243, true),
       (1207, 'What Are You Waiting For?', 80, 218, false),
       (1208, 'She Keeps Me Up', 80, 237, false),
       (1209, 'Make Me Believe Again', 80, 213, false),
       (1210, 'Satellite', 80, 237, false),
       (1211, 'Get ‘Em Up', 80, 233, false),
       (1212, 'The Hammer''s Coming Down', 80, 264, false),
       (1213, 'Miss You', 80, 242, false),
       (1214, 'Got Me Runnin’ Round', 80, 245, false),
       (1215, 'Sister Sin', 80, 205, false),
       (1216, 'This Means War', 81, 200, false),
       (1217, 'Bottoms Up', 81, 217, false),
       (1218, 'When We Stand Together', 81, 190, false),
       (1219, 'Midnight Queen', 81, 194, false),
       (1220, 'Gotta Get Me Some', 81, 221, false),
       (1221, 'Lullaby', 81, 228, false),
       (1222, 'Kiss It Goodbye', 81, 215, false),
       (1223, 'Trying Not To Love You', 81, 251, false),
       (1224, 'Holding On To Heaven', 81, 231, false),
       (1225, 'Everything I Wanna Do', 81, 206, false),
       (1226, 'Don''t Ever Let It End', 81, 229, false),
       (1227, 'Something in Your Mouth', 82, 219, false),
       (1228, 'Burn It to the Ground', 82, 212, false),
       (1229, 'Gotta Be Somebody', 82, 252, false),
       (1230, 'I''d Come for You', 82, 262, false),
       (1231, 'Next Go Round', 82, 223, false),
       (1232, 'Just to Get High', 82, 242, false),
       (1233, 'Never Gonna Be Alone', 82, 227, false),
       (1234, 'Shakin'' Hands', 82, 219, false),
       (1235, 'S.E.X.', 82, 233, false),
       (1236, 'If Today Was Your Last Day', 82, 249, false),
       (1237, 'This Afternoon', 82, 273, false),
       (1238, 'Follow You Home', 83, 260, false),
       (1239, 'Fight for All the Wrong Reasons', 83, 224, false),
       (1240, 'Photograph', 83, 258, false),
       (1241, 'Animals', 83, 186, false),
       (1242, 'Savin'' Me', 83, 219, false),
       (1243, 'Far Away', 83, 238, false),
       (1244, 'Next Contestant', 83, 214, false),
       (1245, 'Side of a Bullet', 83, 180, false),
       (1246, 'If Everyone Cared', 83, 215, false),
       (1247, 'Someone That You''re With', 83, 241, false),
       (1248, 'Rockstar', 83, 252, false),
       (1249, 'Flat On The Floor', 84, 122, false),
       (1250, 'Do This Anymore', 84, 243, false),
       (1251, 'Someday', 84, 207, false),
       (1252, 'Believe It Or Not', 84, 247, false),
       (1253, 'Feelin'' Way Too Damn Good', 84, 256, false),
       (1254, 'Because Of You', 84, 210, false),
       (1255, 'Figured You Out', 84, 228, false),
       (1256, 'Should''ve Listened', 84, 222, true),
       (1257, 'Throw Yourself Away', 84, 235, true),
       (1258, 'Another Hole In The Head', 84, 215, false),
       (1259, 'See You At The Show', 84, 247, false),
       (1260, 'TP4L', 85, 172, true),
       (1261, 'Endlich normale Leute', 85, 216, true),
       (1262, 'Sterben kannst du überall', 85, 247, true),
       (1263, 'Poo Fighters', 85, 182, true),
       (1264, 'Hab dich mal nicht so', 85, 172, true),
       (1265, 'Arbeitskollegen', 85, 215, true),
       (1266, 'Armut treibt Jugendliche in die Popmusik', 85, 223, true),
       (1267, 'Nach allen Regeln der Kunst', 85, 169, true),
       (1268, 'Schlechte Angewohnheit', 85, 178, true),
       (1269, 'Rapetrain', 85, 194, true),
       (1270, 'Als gelesen markiert', 85, 282, true),
       (1271, 'Weg von hier', 85, 228, true),
       (1272, 'Aragorn', 85, 168, true),
       (1273, 'Sexualethisch desorientiert', 86, 187, true),
       (1274, 'Bleib in der Schule', 86, 265, true),
       (1275, 'Falsche Band', 86, 212, true),
       (1276, 'Koks auf Hawaii', 86, 233, true),
       (1277, 'Russisch Tourette', 86, 260, true),
       (1278, 'Poo-Tang Clan', 86, 212, true),
       (1279, 'Dicks sucken', 86, 220, true),
       (1280, 'Damals in der Schule', 86, 187, true),
       (1281, 'Neongrüner Auswurf', 86, 206, true),
       (1282, 'Die Traubenstampferin', 86, 211, true),
       (1283, 'Raus aus meiner Kneipe', 86, 251, true),
       (1284, 'Forgot About Tai', 86, 261, true),
       (1285, 'Mensch ohne Grund (Vortex Solo)', 86, 192, true),
       (1286, 'Fledermausland - Bonus Track', 86, 259, true),
       (1287, 'New Kids on the Blech - Bonus Track', 86, 205, true),
       (1288, 'Selbstbefriedigung - Bonus Track', 86, 206, true),
       (1289, 'Rolf - Bonus Track', 86, 205, true),
       (1290, 'Eraser', 87, 227, false),
       (1291, 'Castle on the Hill', 87, 261, false),
       (1292, 'Dive', 87, 238, false),
       (1293, 'Shape of You', 87, 233, false),
       (1294, 'Perfect', 87, 263, false),
       (1295, 'Galway Girl', 87, 170, false),
       (1296, 'Happier', 87, 207, false),
       (1297, 'New Man', 87, 189, false),
       (1298, 'Hearts Don''t Break Around Here', 87, 248, false),
       (1299, 'What Do I Know?', 87, 237, false),
       (1300, 'How Would You Feel (Paean)', 87, 280, false),
       (1301, 'Supermarket Flowers', 87, 221, false),
       (1302, 'Barcelona', 87, 191, false),
       (1303, 'Bibia Be Ye Ye', 87, 176, false),
       (1304, 'Nancy Mulligan', 87, 179, false),
       (1305, 'Save Myself', 87, 247, false),
       (1306, 'One', 88, 252, false),
       (1307, 'I''m a Mess', 88, 244, false),
       (1308, 'Sing', 88, 235, false),
       (1309, 'Don''t', 88, 219, false),
       (1310, 'Nina', 88, 225, false),
       (1311, 'Photograph', 88, 258, false),
       (1312, 'Bloodstream', 88, 300, false),
       (1313, 'Tenerife Sea', 88, 241, false),
       (1314, 'Runaway', 88, 205, false),
       (1315, 'The Man', 88, 250, false),
       (1316, 'Thinking out Loud', 88, 281, false),
       (1317, 'Afire Love', 88, 314, false),
       (1318, 'Take It Back', 88, 208, false),
       (1319, 'Shirtsleeves', 88, 190, false),
       (1320, 'Even My Dad Does Sometimes', 88, 228, false),
       (1321, 'I See Fire', 88, 299, false),
       (1322, 'The A Team', 89, 258, false),
       (1323, 'Drunk', 89, 200, false),
       (1324, 'U.N.I.', 89, 228, false),
       (1325, 'Grade 8', 89, 179, false),
       (1326, 'Wake Me Up', 89, 229, false),
       (1327, 'Small Bump', 89, 259, false),
       (1328, 'This', 89, 195, false),
       (1329, 'The City', 89, 234, false),
       (1330, 'Lego House', 89, 185, false),
       (1331, 'You Need Me, I Don''t Need You', 89, 220, true),
       (1332, 'Kiss Me', 89, 280, false),
       (1333, 'Give Me Love', 89, 526, false),
       (1334, 'Autumn Leaves - Deluxe Edition', 89, 200, false),
       (1335, 'Little Bird - Deluxe Edition', 89, 224, false),
       (1336, 'Gold Rush - Deluxe Edition', 89, 243, false),
       (1337, 'Sunburn - Deluxe Edition', 89, 275, false),
       (1338, 'Sofa', 89, 199, false),
       (1339, 'Homeless', 89, 210, false),
       (1340, 'Are You Ready', 90, 261, false),
       (1341, 'No More', 90, 232, false),
       (1342, 'A Reason to Fight', 90, 284, false),
       (1343, 'In Another Time', 90, 251, false),
       (1344, 'Stronger on Your Own', 90, 241, false),
       (1345, 'Hold on to Memories', 90, 303, false),
       (1346, 'Saviour of Nothing', 90, 252, false),
       (1347, 'Watch You Burn', 90, 260, false),
       (1348, 'The Best Ones Lie', 90, 242, true),
       (1349, 'Already Gone', 90, 268, false),
       (1350, 'The Sound of Silence (Live) [feat. Myles Kennedy]', 90, 292, false),
       (1351, 'This Venom', 90, 259, false),
       (1352, 'Are You Ready - Sam de Jong Remix', 90, 215, false),
       (1353, 'Uninvited Guest', 90, 235, false),
       (1354, 'The Eye of the Storm', 91, 80, false),
       (1355, 'Immortalized', 91, 257, false),
       (1356, 'The Vengeful One', 91, 252, false),
       (1357, 'Open Your Eyes', 91, 237, false),
       (1358, 'The Light', 91, 256, false),
       (1359, 'What Are You Waiting For', 91, 243, false),
       (1360, 'You''re Mine', 91, 295, false),
       (1361, 'Who', 91, 286, true),
       (1362, 'Save Our Last Goodbye', 91, 299, false),
       (1363, 'Fire It Up', 91, 245, false),
       (1364, 'The Sound of Silence', 91, 248, false),
       (1365, 'Never Wrong', 91, 213, true),
       (1366, 'Who Taught You How to Hate', 91, 297, false),
       (1367, 'Remnants', 92, 163, false),
       (1368, 'Asylum', 92, 276, false),
       (1369, 'The Infection', 92, 248, false),
       (1370, 'Warrior', 92, 204, false),
       (1371, 'Another Way to Die', 92, 253, false),
       (1372, 'Never Again', 92, 213, false),
       (1373, 'The Animal', 92, 253, false),
       (1374, 'Crucified', 92, 276, false),
       (1375, 'Serpentine', 92, 249, false),
       (1376, 'My Child', 92, 198, true),
       (1377, 'Sacrifice', 92, 240, false),
       (1378, 'Innocence', 92, 271, false),
       (1379, 'ISHFWILF', 92, 326, false),
       (1380, 'Down with the Sickness - Live', 92, 353, true),
       (1381, 'Stricken - Live', 92, 257, false),
       (1382, 'Indestructible', 93, 278, false),
       (1383, 'Inside the Fire', 93, 231, false),
       (1384, 'Deceiver', 93, 229, true),
       (1385, 'The Night', 93, 286, false),
       (1386, 'Perfect Insanity', 93, 236, false),
       (1387, 'Haunted', 93, 282, false),
       (1388, 'Enough', 93, 259, false),
       (1389, 'The Curse', 93, 204, false),
       (1390, 'Torn', 93, 249, false),
       (1391, 'Criminal', 93, 255, true),
       (1392, 'Divide', 93, 216, true),
       (1393, 'Façade', 93, 225, false),
       (1394, 'Stricken - Live at the Riviera', 93, 267, false),
       (1395, 'Down with the Sickness - Live at the Riviera', 93, 314, false),
       (1396, 'Just Stop - Live at the Riviera', 93, 231, false),
       (1397, 'Ten Thousand Fists', 94, 212, false),
       (1398, 'Just Stop', 94, 223, false),
       (1399, 'Guarded', 94, 200, false),
       (1400, 'Deify', 94, 256, false),
       (1401, 'Stricken', 94, 245, false),
       (1402, 'I''m Alive', 94, 282, false),
       (1403, 'Sons of Plunder', 94, 228, false),
       (1404, 'Overburdened', 94, 357, false),
       (1405, 'Decadence', 94, 204, false),
       (1406, 'Forgiven', 94, 252, false),
       (1407, 'Land of Confusion', 94, 287, false),
       (1408, 'Sacred Lie', 94, 185, false),
       (1409, 'Pain Redefined', 94, 247, false),
       (1410, 'Avarice', 94, 176, false),
       (1411, 'Insert Coin', 95, 98, false),
       (1412, 'Unsainted', 95, 260, true),
       (1413, 'Birth Of The Cruel', 95, 275, true),
       (1414, 'Death Because of Death', 95, 80, false),
       (1415, 'Nero Forte', 95, 315, true),
       (1416, 'Critical Darling', 95, 385, false),
       (1417, 'A Liar''s Funeral', 95, 327, false),
       (1418, 'Red Flag', 95, 251, true),
       (1419, 'What''s Next', 95, 53, false),
       (1420, 'Spiders', 95, 243, false),
       (1421, 'Orphan', 95, 361, true),
       (1422, 'My Pain', 95, 408, false),
       (1423, 'Not Long for This World', 95, 395, true),
       (1424, 'Solway Firth', 95, 355, true),
       (1425, 'XIX', 96, 190, false),
       (1426, 'Sarcastrophe', 96, 306, false),
       (1427, 'AOV', 96, 332, false),
       (1428, 'The Devil in I', 96, 342, false),
       (1429, 'Killpop', 96, 225, false),
       (1430, 'Skeptic', 96, 286, false),
       (1431, 'Lech', 96, 290, false),
       (1432, 'Goodbye', 96, 275, false),
       (1433, 'Nomadic', 96, 258, false),
       (1434, 'The One That Kills the Least', 96, 251, false),
       (1435, 'Custer', 96, 254, false),
       (1436, 'Be Prepared for Hell', 96, 117, false),
       (1437, 'The Negative One', 96, 325, false),
       (1438, 'If Rain Is What You Want', 96, 380, false),
       (1439, '742617000027', 97, 36, false),
       (1440, '(sic)', 97, 199, true),
       (1441, 'Eyeless', 97, 236, true),
       (1442, 'Wait and Bleed', 97, 147, false),
       (1443, 'Surfacing', 97, 218, true),
       (1444, 'Spit It Out', 97, 159, true),
       (1445, 'Tattered & Torn', 97, 173, true),
       (1446, 'Purity', 97, 265, true),
       (1447, 'Liberate', 97, 184, true),
       (1448, 'Prosthetics', 97, 298, true),
       (1449, 'No Life', 97, 167, true),
       (1450, 'Diluted', 97, 203, true),
       (1451, 'Only One', 97, 144, true),
       (1452, 'Scissors', 97, 503, false),
       (1453, 'Eeyore', 97, 167, true),
       (1454, 'Me Inside', 97, 159, true),
       (1455, 'Get This', 97, 123, true),
       (1456, 'Spit It Out - Hyper Version', 97, 144, true),
       (1457, 'Spit It Out - Stamp You out Mix', 97, 158, true),
       (1458, '(sic) - Molt-Injected Mix', 97, 207, true),
       (1459, '.execute.', 98, 108, false),
       (1460, 'Gematria (The Killing Name)', 98, 361, false),
       (1461, 'Sulfur', 98, 277, false),
       (1462, 'Psychosocial', 98, 283, false),
       (1463, 'Dead Memories', 98, 268, false),
       (1464, 'Vendetta', 98, 315, false),
       (1465, 'Butcher''s Hook', 98, 254, false),
       (1466, 'Gehenna', 98, 413, false),
       (1467, 'This Cold Black', 98, 280, false),
       (1468, 'Wherein Lies Continue', 98, 336, false),
       (1469, 'Snuff', 98, 276, false),
       (1470, 'All Hope Is Gone', 98, 284, false),
       (1471, 'Prelude 3.0', 99, 237, false),
       (1472, 'The Blister Exists', 99, 319, false),
       (1473, 'Three Nil', 99, 288, true),
       (1474, 'Duality', 99, 252, false),
       (1475, 'Opium of the People', 99, 192, false),
       (1476, 'Circle', 99, 262, false),
       (1477, 'Welcome', 99, 195, false),
       (1478, 'Vermilion', 99, 316, false),
       (1479, 'Pulse of the Maggots', 99, 259, false),
       (1480, 'Before I Forget', 99, 278, false),
       (1481, 'Vermilion, Pt. 2', 99, 224, false),
       (1482, 'The Nameless', 99, 268, false),
       (1483, 'The Virus of Life', 99, 325, false),
       (1484, 'Danger - Keep Away', 99, 193, false),
       (1485, '(515)', 100, 59, false),
       (1486, 'People = Shit', 100, 215, true),
       (1487, 'Disasterpiece', 100, 308, true),
       (1488, 'My Plague', 100, 220, true),
       (1489, 'Everything Ends', 100, 254, true),
       (1490, 'The Heretic Anthem', 100, 254, true),
       (1491, 'Gently', 100, 294, false),
       (1492, 'Left Behind', 100, 241, false),
       (1493, 'The Shape', 100, 217, true),
       (1494, 'I Am Hated', 100, 157, true),
       (1495, 'Skin Ticket', 100, 401, false),
       (1496, 'New Abortion', 100, 216, true),
       (1497, 'Metabolic', 100, 239, true),
       (1498, 'Iowa', 100, 905, false),
       (1499, 'We Are Strong (feat. Kiesza)', 101, 216, false),
       (1500, 'Bad Man (feat. Robin Thicke, Joe Perry & Travis Barker)', 101, 215, false),
       (1501, 'Greenlight (feat. Flo Rida & LunchMoney Lewis)', 101, 245, false),
       (1502, 'Messin'' Around (with Enrique Iglesias)', 101, 222, true),
       (1503, 'Better On Me (feat. Ty Dolla $ign)', 101, 227, true),
       (1504, 'Sexy Body', 101, 223, false),
       (1505, 'Freedom', 101, 175, false),
       (1506, 'Options (feat. Stephen Marley)', 101, 239, true),
       (1507, 'Educate Ya (feat. Jason Derulo)', 101, 213, false),
       (1508, 'Only Ones To Know (feat. Leona Lewis)', 101, 230, true),
       (1509, 'Dedicated (feat. R. Kelly & Austin Mahone)', 101, 236, false),
       (1510, 'Can''t Have (feat. Steven A. Clark & Ape Drums)', 101, 215, true),
       (1511, 'Ah Leke (feat. Sean Paul)', 102, 184, true),
       (1512, 'Fun (feat. Chris Brown)', 102, 202, false),
       (1513, 'Fireball (feat. John Ryan)', 102, 236, false),
       (1514, 'Time of Our Lives', 102, 229, true),
       (1515, 'Celebrate (From the Original Motion Picture "Penguins of Madagascar")', 102, 192, false),
       (1516, 'Sexy Beaches (feat. Chloe Angelides)', 102, 237, false),
       (1517, 'Day Drinking (feat. Heymous Molly)', 102, 188, true),
       (1518, 'Drive You Crazy (feat. Jason Derulo & Juicy J)', 102, 230, true),
       (1519, 'Wild Wild Love (feat. G.R.L.)', 102, 203, false),
       (1520, 'This Is Not A Drill (feat. Bebe Rexha)', 102, 204, true),
       (1521, 'RITMO (Bad Boys For Life)', 103, 214, true),
       (1522, 'FEEL THE BEAT', 103, 237, true),
       (1523, 'MAMACITA', 103, 251, true),
       (1524, 'GIRL LIKE ME', 103, 222, true),
       (1525, 'VIDA LOCA', 103, 234, true),
       (1526, 'NO MAÑANA', 103, 221, true),
       (1527, 'TONTA LOVE', 103, 230, true),
       (1528, 'CELEBRATE', 103, 219, true),
       (1529, 'TODO BUENO', 103, 230, true),
       (1530, 'DURO HARD', 103, 205, true),
       (1531, 'MABUTI', 103, 256, true),
       (1532, 'I WOKE UP', 103, 210, true),
       (1533, 'GET LOOSE NOW', 103, 147, true),
       (1534, 'ACTION', 103, 252, true),
       (1535, 'NEWS TODAY', 103, 256, true),
       (1536, 'BACK 2 HIPHOP (feat. Nas)', 104, 318, true),
       (1537, 'YES OR NO', 104, 304, true),
       (1538, 'GET READY', 104, 250, true),
       (1539, '4EVER (feat. Esthero)', 104, 228, true),
       (1540, 'CONSTANT pt.1 pt.2 (feat. Slick Rick)', 104, 303, true),
       (1541, 'DOPENESS (feat. CL)', 104, 278, true),
       (1542, 'ALL AROUND THE WORLD (feat. Phife Dawg, Ali Shaheed Muhammad, Posdnuos)', 104, 301, true),
       (1543, 'NEW WAVE', 104, 294, true),
       (1544, 'VIBRATIONS pt.1 pt.2', 104, 261, true),
       (1545, 'WINGS (feat. Nicole Scherzinger)', 104, 317, false),
       (1546, 'RING THE ALARM pt.1 pt.2 pt.3', 104, 358, true),
       (1547, 'BIG LOVE', 104, 275, false),
       (1548, 'The Time (Dirty Bit)', 105, 307, false),
       (1549, 'Light Up The Night', 105, 261, false),
       (1550, 'Love You Long Time', 105, 225, false),
       (1551, 'XOXOXO', 105, 225, false),
       (1552, 'Someday', 105, 273, false),
       (1553, 'Whenever', 105, 195, false),
       (1554, 'Fashion Beats', 105, 320, false),
       (1555, 'Don’t Stop The Party', 105, 367, false),
       (1556, 'Do It Like This', 105, 329, false),
       (1557, 'The Best One Yet (The Boy)', 105, 265, false),
       (1558, 'Just Can’t Get Enough', 105, 219, false),
       (1559, 'Play It Loud', 105, 260, false),
       (1560, 'Boom Boom Pow', 106, 251, false),
       (1561, 'Rock That Body', 106, 268, false),
       (1562, 'Meet Me Halfway', 106, 284, false),
       (1563, 'Imma Be', 106, 257, false),
       (1564, 'I Gotta Feeling', 106, 289, false),
       (1565, 'Alive', 106, 303, false),
       (1566, 'Missing You', 106, 274, false),
       (1567, 'Ring-A-Ling', 106, 272, false),
       (1568, 'Party All The Time', 106, 283, false),
       (1569, 'Out Of My Head', 106, 231, false),
       (1570, 'Electric City', 106, 248, false),
       (1571, 'Showdown', 106, 267, false),
       (1572, 'Now Generation', 106, 245, false),
       (1573, 'One Tribe', 106, 280, false),
       (1574, 'Rockin To The Beat', 106, 225, false),
       (1575, 'Filthy', 107, 293, false),
       (1576, 'Midnight Summer Jam', 107, 312, false),
       (1577, 'Sauce', 107, 245, false),
       (1578, 'Man of the Woods', 107, 243, false),
       (1579, 'Higher Higher', 107, 258, false),
       (1580, 'Wave', 107, 264, false),
       (1581, 'Supplies', 107, 225, false),
       (1582, 'Morning Light (feat. Alicia Keys)', 107, 243, false),
       (1583, 'Say Something (feat. Chris Stapleton)', 107, 278, false),
       (1584, 'Hers (interlude)', 107, 61, false),
       (1585, 'Flannel', 107, 289, false),
       (1586, 'Montana', 107, 279, false),
       (1587, 'Breeze Off the Pond', 107, 251, false),
       (1588, 'Livin'' Off the Land', 107, 293, false),
       (1589, 'The Hard Stuff', 107, 195, false),
       (1590, 'Young Man', 107, 225, false),
       (1591, 'FutureSex / LoveSound', 108, 241, false),
       (1592, 'SexyBack (feat. Timbaland)', 108, 242, true),
       (1593, 'Sexy Ladies', 108, 238, false),
       (1594, 'Medley: Let Me Talk to You / My Love (feat. T.I.)', 108, 370, false),
       (1595, 'LoveStoned / I Think She Knows (Interlude)', 108, 444, true),
       (1596, 'What Goes Around.../...Comes Around (Interlude)', 108, 448, false),
       (1597, 'Chop Me Up (feat. Timbaland & Three-6 Mafia)', 108, 304, false),
       (1598, 'Damn Girl (feat. will.i.am)', 108, 312, true),
       (1599, 'Summer Love', 108, 252, false),
       (1600, 'Set the Mood Prelude / Until the End of Time', 108, 453, false),
       (1601, 'Losing My Way', 108, 322, false),
       (1602, '(Another Song) All Over Again', 108, 345, false),
       (1603, 'Señorita', 109, 294, false),
       (1604, 'Like I Love You', 109, 283, false),
       (1605, '(Oh No) What You Got', 109, 271, false),
       (1606, 'Take It From Here', 109, 374, false),
       (1607, 'Cry Me a River', 109, 288, false),
       (1608, 'Rock Your Body', 109, 267, false),
       (1609, 'Nothin'' Else', 109, 298, false),
       (1610, 'Last Night', 109, 287, false),
       (1611, 'Still On My Brain', 109, 275, false),
       (1612, '(And She Said) Take Me Now', 109, 331, false),
       (1613, 'Right For Me', 109, 269, false),
       (1614, 'Let''s Take A Ride', 109, 284, false),
       (1615, 'Never Again', 109, 274, false),
       (1616, 'Invitation', 110, 199, false),
       (1617, 'Make Me... (feat. G-Eazy)', 110, 230, false),
       (1618, 'Private Show', 110, 235, false),
       (1619, 'Man On The Moon', 110, 226, false),
       (1620, 'Just Luv Me', 110, 241, false),
       (1621, 'Clumsy', 110, 183, false),
       (1622, 'Do You Wanna Come Over?', 110, 203, false),
       (1623, 'Slumber Party (feat. Tinashe)', 110, 213, true),
       (1624, 'Just Like Me', 110, 164, false),
       (1625, 'Love Me Down', 110, 198, false),
       (1626, 'Hard To Forget Ya', 110, 209, false),
       (1627, 'What You Need', 110, 187, false),
       (1628, 'Mood Ring (By Demand)', 110, 229, false),
       (1629, 'I''m a Slave 4 U', 111, 203, false),
       (1630, 'Overprotected - Radio Edit', 111, 198, false),
       (1631, 'Lonely', 111, 199, false),
       (1632, 'I''m Not a Girl, Not Yet a Woman', 111, 231, false),
       (1633, 'Boys', 111, 206, false),
       (1634, 'Anticipating', 111, 196, false),
       (1635, 'I Love Rock ''N'' Roll', 111, 186, false),
       (1636, 'Cinderella', 111, 219, false),
       (1637, 'Let Me Be', 111, 171, false),
       (1638, 'Bombastic Love', 111, 185, false),
       (1639, 'That''s Where You Take Me', 111, 212, false),
       (1640, 'When I Found You', 111, 216, false),
       (1641, 'I Run Away', 111, 244, false),
       (1642, 'What It''s Like to Be Me', 111, 170, false),
       (1643, 'Before The Goodbye', 111, 230, false),
       (1644, 'Oops!...I Did It Again', 112, 211, false),
       (1645, 'Stronger', 112, 203, false),
       (1646, 'Don''t Go Knockin'' on My Door', 112, 223, false),
       (1647, '(I Can''t Get No) Satisfaction', 112, 263, false),
       (1648, 'Don''t Let Me Be the Last to Know', 112, 230, false),
       (1649, 'What U See (Is What U Get)', 112, 216, false),
       (1650, 'Lucky', 112, 206, false),
       (1651, 'One Kiss from You', 112, 203, false),
       (1652, 'Where Are You Now', 112, 279, false),
       (1653, 'Can''t Make You Love Me', 112, 197, false),
       (1654, 'When Your Eyes Say It', 112, 269, false),
       (1655, 'Dear Diary', 112, 166, false),
       (1656, '...Baby One More Time', 113, 211, false),
       (1657, '(You Drive Me) Crazy', 113, 198, false),
       (1658, 'Sometimes', 113, 245, false),
       (1659, 'Soda Pop', 113, 200, false),
       (1660, 'Born to Make You Happy', 113, 243, false),
       (1661, 'From the Bottom of My Broken Heart', 113, 312, false),
       (1662, 'I Will Be There', 113, 233, false),
       (1663, 'I Will Still Love You', 113, 243, false),
       (1664, 'Deep In My Heart', 113, 215, false),
       (1665, 'Thinkin'' About You', 113, 214, false),
       (1666, 'E-Mail My Heart', 113, 223, false),
       (1667, 'The Beat Goes On', 113, 223, false),
       (1668, 'I''ll Never Stop Loving You', 113, 221, false),
       (1669, 'Autumn Goodbye', 113, 221, false),
       (1670, '...Baby One More Time - Davidson Ospina Radio Mix', 113, 204, false),
       (1671, '...Baby One More Time - Boy Wunder Radio Mix', 113, 207, false),
       (1672, '24K Magic', 114, 225, false),
       (1673, 'Chunky', 114, 186, false),
       (1674, 'Perm', 114, 210, false),
       (1675, 'That''s What I Like', 114, 206, false),
       (1676, 'Versace on the Floor', 114, 261, false),
       (1677, 'Straight up & Down', 114, 198, false),
       (1678, 'Calling All My Lovelies', 114, 250, false),
       (1679, 'Finesse', 114, 191, false),
       (1680, 'Too Good to Say Goodbye', 114, 281, false),
       (1681, 'Young Girls', 115, 228, false),
       (1682, 'Locked out of Heaven', 115, 233, false),
       (1683, 'Gorilla', 115, 244, false),
       (1684, 'Treasure', 115, 176, false),
       (1685, 'Moonshine', 115, 228, false),
       (1686, 'When I Was Your Man', 115, 213, false),
       (1687, 'Natalie', 115, 225, false),
       (1688, 'Show Me', 115, 207, false),
       (1689, 'Money Make Her Smile', 115, 203, false),
       (1690, 'If I Knew', 115, 132, false),
       (1691, 'Grenade', 116, 223, false),
       (1692, 'Just the Way You Are', 116, 220, false),
       (1693, 'Our First Time', 116, 243, false),
       (1694, 'Runaway Baby', 116, 147, false),
       (1695, 'The Lazy Song', 116, 190, false),
       (1696, 'Marry You', 116, 230, false),
       (1697, 'Talking to the Moon', 116, 217, false),
       (1698, 'Liquor Store Blues (feat. Damian Marley)', 116, 229, false),
       (1699, 'Count on Me', 116, 197, false),
       (1700, 'The Other Side (feat. CeeLo Green and B.o.B)', 116, 227, false),
       (1701, 'Somewhere in Brooklyn', 116, 181, false),
       (1702, 'Talking to the Moon - Acoustic Piano', 116, 217, false),
       (1703, 'Whatcha Say', 117, 221, false),
       (1704, 'Ridin'' Solo', 117, 215, false),
       (1705, 'In My Head', 117, 198, false),
       (1706, 'The Sky''s the Limit', 117, 222, false),
       (1707, 'What If', 117, 203, false),
       (1708, 'Love Hangover', 117, 199, false),
       (1709, 'Encore', 117, 223, false),
       (1710, 'Fallen', 117, 195, false),
       (1711, 'Blind', 117, 215, false),
       (1712, 'Queen of Hearts', 117, 177, false),
       (1713, 'Whatcha Say - Acoustic', 117, 222, false),
       (1714, 'In My Head - Rhythm Remix', 117, 198, false),
       (1715, 'Whatcha Say - Johnny Vicious Remix', 117, 452, false),
       (1716, 'Ridin'' Solo - Justin Michael and Kemal Remix', 117, 377, false),
       (1717, 'The Other Side', 118, 226, false),
       (1718, 'Talk Dirty (feat. 2 Chainz)', 118, 177, true),
       (1719, 'Marry Me', 118, 225, false),
       (1720, 'Tattoo', 118, 206, true),
       (1721, 'Trumpets', 118, 217, false),
       (1722, 'Vertigo (feat. Jordin Sparks)', 118, 233, false),
       (1723, 'Fire (feat. Pitbull)', 118, 216, false),
       (1724, 'Side FX (feat. The Game)', 118, 209, false),
       (1725, 'Stupid Love', 118, 214, false),
       (1726, 'With the Lights On', 118, 191, false),
       (1727, 'Rest of Our Life', 118, 184, false),
       (1728, 'The Other Side', 119, 226, false),
       (1729, 'Talk Dirty (feat. 2 Chainz)', 119, 177, true),
       (1730, 'Marry Me', 119, 225, false),
       (1731, 'Tattoo', 119, 206, true),
       (1732, 'Trumpets', 119, 217, false),
       (1733, 'Vertigo (feat. Jordin Sparks)', 119, 233, false),
       (1734, 'Fire (feat. Pitbull)', 119, 216, false),
       (1735, 'Side FX (feat. The Game)', 119, 209, false),
       (1736, 'Stupid Love', 119, 214, false),
       (1737, 'With the Lights On', 119, 191, false),
       (1738, 'Rest of Our Life', 119, 184, false),
       (1739, 'Wiggle (feat. Snoop Dogg)', 119, 193, false),
       (1740, 'Zipper', 119, 177, false),
       (1741, 'Bubblegum (feat. Tyga)', 119, 205, false),
       (1742, 'Kama Sutra (feat. Kid Ink)', 119, 216, false),
       (1743, 'Love Before I Die', 119, 227, false),
       (1744, 'Perfect Timing', 119, 242, false),
       (1745, 'The Other Side - Acoustic', 119, 226, false),
       (1746, 'An Introduction to Don''t Wanna Go Home', 120, 34, false),
       (1747, 'Don''t Wanna Go Home', 120, 206, false),
       (1748, 'An Introduction to It Girl', 120, 24, false),
       (1749, 'It Girl', 120, 192, false),
       (1750, 'An Introduction to Breathing', 120, 105, false),
       (1751, 'Breathing', 120, 234, false),
       (1752, 'An Introduction to Be Careful', 120, 59, false),
       (1753, 'Be Careful', 120, 214, false),
       (1754, 'An Introduction to Make It up as We Go', 120, 78, false),
       (1755, 'Make It Up As We Go', 120, 190, false),
       (1756, 'An Introduction to Fight for You', 120, 39, false),
       (1757, 'Fight for You', 120, 242, false),
       (1758, 'An Introduction to Pick up the Pieces', 120, 39, false),
       (1759, 'Pick Up the Pieces', 120, 214, false),
       (1760, 'An Introduction to Givin'' Up', 120, 66, false),
       (1761, 'Givin'' Up', 120, 230, false),
       (1762, 'An Introduction to Bleed Out', 120, 59, false),
       (1763, 'Bleed Out', 120, 248, false),
       (1764, 'An Introduction to That''s My Shhh', 120, 66, false),
       (1765, 'That''s My Shhh', 120, 261, false),
       (1766, 'Don''t Go Breaking My Heart', 121, 215, false),
       (1767, 'Nobody Else', 121, 218, false),
       (1768, 'Breathe', 121, 186, false),
       (1769, 'New Love', 121, 180, false),
       (1770, 'Passionate', 121, 223, false),
       (1771, 'Is It Just Me', 121, 218, false),
       (1772, 'Chances', 121, 172, false),
       (1773, 'No Place', 121, 179, false),
       (1774, 'Chateau', 121, 188, false),
       (1775, 'The Way It Was', 121, 206, false),
       (1776, 'Just Like You Like It', 121, 222, false),
       (1777, 'OK', 121, 151, false),
       (1778, 'In a World Like This', 122, 220, false),
       (1779, 'Permanent Stain', 122, 235, false),
       (1780, 'Breathe', 122, 230, false),
       (1781, 'Madeleine', 122, 245, false),
       (1782, 'Show ''Em (What You''re Made Of)', 122, 224, false),
       (1783, 'Make Believe', 122, 286, false),
       (1784, 'Try', 122, 201, false),
       (1785, 'Trust Me', 122, 227, false),
       (1786, 'Love Somebody', 122, 205, false),
       (1787, 'One Phone Call', 122, 231, false),
       (1788, 'Feels Like Home', 122, 206, false),
       (1789, 'Soldier', 122, 233, false),
       (1790, 'In a World Like This - Live in Japan', 122, 232, false),
       (1791, 'Show ''Em (What You''re Made Of) - Live in Japan', 122, 252, false),
       (1792, 'Show Me The Meaning of Being Lonely - Live in Japan', 122, 239, false),
       (1793, 'Love Somebody - Live in Japan', 122, 235, false),
       (1794, 'The One - Live in Japan', 122, 223, false),
       (1795, 'Breathe - Live in Japan', 122, 234, false),
       (1796, 'Straight Through My Heart', 123, 207, false),
       (1797, 'Bigger', 123, 195, false),
       (1798, 'Bye Bye Love', 123, 260, false),
       (1799, 'All of Your Life (You Need Love)', 123, 235, false),
       (1800, 'If I Knew Then', 123, 196, false),
       (1801, 'This Is Us', 123, 183, false),
       (1802, 'PDA', 123, 228, false),
       (1803, 'Masquerade', 123, 183, false),
       (1804, 'She''s a Dream', 123, 238, false),
       (1805, 'Shattered', 123, 233, false),
       (1806, 'Undone', 123, 254, false),
       (1807, 'Larger Than Life', 124, 232, false),
       (1808, 'I Want It That Way', 124, 213, false),
       (1809, 'Show Me the Meaning of Being Lonely', 124, 234, false),
       (1810, 'It''s Gotta Be You', 124, 177, false),
       (1811, 'I Need You Tonight', 124, 263, false),
       (1812, 'Don''t Want You Back', 124, 206, false),
       (1813, 'Don''t Wanna Lose You Now', 124, 235, false),
       (1814, 'The One', 124, 226, false),
       (1815, 'Back to Your Heart', 124, 261, false),
       (1816, 'Spanish Eyes', 124, 233, false),
       (1817, 'No One Else Comes Close', 124, 223, false),
       (1818, 'The Perfect Fan', 124, 253, false),
       (1819, 'Everybody (Backstreet''s Back) - Radio Edit', 125, 225, false),
       (1820, 'As Long as You Love Me', 125, 221, false),
       (1821, 'All I Have to Give', 125, 274, false),
       (1822, 'That''s The Way I Like It', 125, 220, false),
       (1823, '10.000 Promises', 125, 243, false),
       (1824, 'Like A Child', 125, 305, false),
       (1825, 'Hey Mr. DJ (Keep Playin'' This Song)', 125, 265, false),
       (1826, 'Set Adrift on Memory Bliss', 125, 210, false),
       (1827, 'That''s What She Said', 125, 244, false),
       (1828, 'If You Want to Be a Good Girl (Get Yourself a Bad Boy)', 125, 290, false),
       (1829, 'If I Don''t Have You', 125, 274, false),
       (1830, 'We''ve Got It Goin'' On - Radio Edit', 126, 219, false),
       (1831, 'Anywhere for You', 126, 280, false),
       (1832, 'Get Down (You''re the One for Me) - LP Edit No Rap', 126, 230, false),
       (1833, 'I''ll Never Break Your Heart', 126, 286, false),
       (1834, 'Quit Playing Games (With My Heart)', 126, 232, false),
       (1835, 'Boys Will Be Boys', 126, 244, false),
       (1836, 'Just to Be Close to You', 126, 288, false),
       (1837, 'I Wanna Be with You', 126, 245, false),
       (1838, 'Every Time I Close My Eyes', 126, 234, false),
       (1839, 'Darlin''', 126, 331, false),
       (1840, 'Let''s Have a Party', 126, 229, false),
       (1841, 'Roll with It', 126, 280, false),
       (1842, 'Nobody but You', 126, 183, false),
       (1843, 'Sunrise', 127, 151, false),
       (1844, 'Church', 127, 230, false),
       (1845, 'Trouble In Town', 127, 278, true),
       (1846, 'BrokEn', 127, 150, false),
       (1847, 'Daddy', 127, 298, false),
       (1848, 'WOTW / POTP', 127, 76, false),
       (1849, 'Arabesque', 127, 340, true),
       (1850, 'When I Need A Friend', 127, 155, false),
       (1851, 'Guns', 127, 115, true),
       (1852, 'Orphans', 127, 197, false),
       (1853, 'Èkó', 127, 157, false),
       (1854, 'Cry Cry Cry', 127, 167, false),
       (1855, 'Old Friends', 127, 146, false),
       (1856, 'بنی آدم', 127, 194, false),
       (1857, 'Champion Of The World', 127, 257, false),
       (1858, 'Everyday Life', 127, 258, false),
       (1859, 'Flags', 127, 216, false),
       (1860, 'A Head Full of Dreams', 128, 223, false),
       (1861, 'Birds', 128, 229, false),
       (1862, 'Hymn for the Weekend', 128, 258, false),
       (1863, 'Everglow', 128, 282, false),
       (1864, 'Adventure of a Lifetime', 128, 263, false),
       (1865, 'Fun (feat. Tove Lo)', 128, 267, false),
       (1866, 'Kaleidoscope', 128, 111, false),
       (1867, 'Army of One', 128, 376, false),
       (1868, 'Amazing Day', 128, 271, false),
       (1869, 'Colour Spectrum', 128, 60, false),
       (1870, 'Up&Up', 128, 405, false),
       (1871, 'Always in My Head', 129, 216, false),
       (1872, 'Magic', 129, 285, false),
       (1873, 'Ink', 129, 228, false),
       (1874, 'True Love', 129, 246, false),
       (1875, 'Midnight', 129, 294, false),
       (1876, 'Another''s Arms', 129, 234, false),
       (1877, 'Oceans', 129, 321, false),
       (1878, 'A Sky Full of Stars', 129, 268, false),
       (1879, 'O', 129, 323, false),
       (1880, 'Life in Technicolor', 130, 149, false),
       (1881, 'Cemeteries of London', 130, 201, false),
       (1882, 'Lost!', 130, 236, false),
       (1883, '42', 130, 237, false),
       (1884, 'Lovers in Japan', 130, 411, false),
       (1885, 'Yes', 130, 426, false),
       (1886, 'Viva La Vida', 130, 242, false),
       (1887, 'Violet Hill', 130, 222, false),
       (1888, 'Strawberry Swing', 130, 249, false),
       (1889, 'Death and All His Friends', 130, 378, false),
       (1890, 'Alles neu', 131, 260, false),
       (1891, 'Schwarz zu blau', 131, 215, false),
       (1892, 'Haus am See', 131, 216, false),
       (1893, 'Kopf verloren', 131, 201, false),
       (1894, 'Das zweite Gesicht', 131, 233, false),
       (1895, 'Der letzte Tag', 131, 222, false),
       (1896, 'Ich Steine, Du Steine', 131, 196, false),
       (1897, 'Lok auf 2 Beinen', 131, 224, false),
       (1898, 'Stadtaffe', 131, 219, false),
       (1899, 'Fieber', 131, 212, false),
       (1900, 'Schüttel deinen Speck', 131, 171, false),
       (1901, 'Zucker (feat. Vanessa Mason)', 131, 192, false),
       (1902, 'Around the World', 132, 239, false),
       (1903, 'Parallel Universe', 132, 269, false),
       (1904, 'Scar Tissue', 132, 215, false),
       (1905, 'Otherside', 132, 255, false),
       (1906, 'Get on Top', 132, 198, true),
       (1907, 'Californication', 132, 329, false),
       (1908, 'Easily', 132, 231, false),
       (1909, 'Porcelain', 132, 163, false),
       (1910, 'Emit Remmus', 132, 240, false),
       (1911, 'I Like Dirt', 132, 157, false),
       (1912, 'This Velvet Glove', 132, 225, false),
       (1913, 'Savior', 132, 292, false),
       (1914, 'Purple Stain', 132, 253, false),
       (1915, 'Right on Time', 132, 112, false),
       (1916, 'Road Trippin''', 132, 204, false),
       (1917, 'Lang nicht mehr gemacht', 133, 210, false),
       (1918, 'Kein Grund zu bleiben', 133, 215, false),
       (1919, 'Steig mit ein', 133, 251, false),
       (1920, 'Kurios', 133, 222, false),
       (1921, 'Stark', 133, 223, false),
       (1922, 'Alles oder Dich', 133, 236, false),
       (1923, '24/7 (Berlin)', 133, 249, false),
       (1924, 'Gegen die Zeit', 133, 221, false),
       (1925, 'Liebe kann uns retten', 133, 282, false),
       (1926, 'Der Mann den Du verdienst', 133, 235, false),
       (1927, 'Manchmal', 133, 190, false),
       (1928, 'Geniale Gefühle', 133, 246, false),
       (1929, '10 Millionen Kerzen', 133, 260, false),
       (1930, 'Unwiderstehlich', 133, 237, false),
       (1931, 'Rede und Antwort', 133, 200, false),
       (1932, 'Du bist alles was zählt', 133, 252, false),
       (1933, 'Niemand', 133, 232, false),
       (1934, 'Alles noch da', 133, 246, false),
       (1935, 'Spätsommerwind', 133, 211, false),
       (1936, 'Warum hast Du nicht nein gesagt - Romantik Version 2019', 133, 180, false),
       (1937, 'Joana 2019 - Franz Rapid XXL-Version', 134, 362, false),
       (1938, 'Das Beste am Leben', 134, 238, false),
       (1939, 'Ich glaub es geht schon wieder los', 134, 215, false),
       (1940, 'Santa Maria', 134, 247, false),
       (1941, 'Dich zu lieben', 134, 222, false),
       (1942, 'Flieg mit mir zu den Sternen', 134, 221, false),
       (1943, 'Lieb mich ein letztes Mal', 134, 267, false),
       (1944, 'Manchmal möchte ich schon mit dir', 134, 216, false),
       (1945, 'Wohin gehst du', 134, 221, false),
       (1946, 'Die Gefühle sind frei', 134, 261, false),
       (1947, 'Amore amore', 134, 230, false),
       (1948, 'Midnight Lady (Einsam so wie ich)', 134, 246, false),
       (1949, 'Jede Nacht hat deine Augen', 134, 221, false),
       (1950, 'Sag ihm, daß ich dich liebe', 134, 216, false),
       (1951, 'Extreme', 134, 226, false),
       (1952, 'Ausgebrannt und leer', 134, 247, false),
       (1953, 'Alles was du willst', 134, 217, false),
       (1954, 'Sag bloß nicht Hello', 134, 209, false),
       (1955, 'Wir geh''n durch die Zeit', 134, 292, false),
       (1956, 'Warum hast Du nicht nein gesagt', 134, 211, false),
       (1957, 'Ich glaub es geht schon wieder los', 135, 223, false),
       (1958, 'Warum denn aus Liebe weinen', 135, 256, false),
       (1959, 'Santa Maria', 135, 252, false),
       (1960, 'Hunderttausend Fragen - Remix', 135, 230, false),
       (1961, 'Dich zu lieben', 135, 227, false),
       (1962, 'Du bist weg', 135, 183, false),
       (1963, 'Sieben Fässer Wein', 135, 191, false),
       (1964, 'Ich geh mit dir wohin du willst', 135, 206, false),
       (1965, 'Manchmal möchte ich schon mit Dir', 135, 217, false),
       (1966, 'Ich liebe dich so wie du bist - Remix', 135, 264, false),
       (1967, 'Alles was Du willst', 135, 231, false),
       (1968, 'Du', 135, 220, false),
       (1969, 'Lieb mich ein letztes Mal', 135, 280, false),
       (1970, 'Alles auf Anfang', 135, 215, false),
       (1971, 'Ich hab'' dich 1000 mal geliebt', 135, 215, false),
       (1972, 'Sie liesse sich so gerne fallen', 135, 219, false),
       (1973, 'In unserer Straße', 135, 217, false),
       (1974, 'Du bist noch hier', 135, 235, false),
       (1975, 'Hit-Mix', 135, 278, false),
       (1976, 'Was weißt Du schon von Liebe - Radio Mix', 135, 204, false),
       (1977, 'Berlin lebt wie nie zuvor', 136, 151, false),
       (1978, 'Tilidin', 136, 172, true),
       (1979, 'Tranquillo', 136, 165, false),
       (1980, 'Nummer 1', 136, 155, true),
       (1981, 'Kalt Bruder', 136, 164, false),
       (1982, 'Kriminal 2', 136, 200, false),
       (1983, 'So alleine', 136, 162, false),
       (1984, 'Safe', 136, 152, true),
       (1985, 'Mr. Miyagi', 136, 149, true),
       (1986, '110', 136, 194, true),
       (1987, 'Huracan', 136, 182, true),
       (1988, 'Satellit', 136, 169, false),
       (1989, 'Milly 9', 136, 182, false),
       (1990, 'Purple Rain', 136, 207, true),
       (1991, 'Pam Pam Pam', 136, 154, false),
       (1992, 'Zombie', 136, 176, false),
       (1993, 'Colombiana', 136, 168, false),
       (1994, 'Lieber Gott', 136, 156, false),
       (1995, 'Benzema', 137, 159, true),
       (1996, 'Rolex', 137, 235, false),
       (1997, 'Bye Bye', 137, 176, false),
       (1998, 'Cabriolet', 137, 283, false),
       (1999, 'Click Click', 137, 179, false),
       (2000, 'Mexican Mafia', 137, 155, false),
       (2001, 'Leg', 137, 156, false),
       (2002, 'Steh auf', 137, 150, true),
       (2003, 'Prinzessa', 137, 178, true),
       (2004, 'Wir ticken', 137, 203, true),
       (2005, 'Van der Vaart', 137, 173, false),
       (2006, 'Schwarze Locken', 137, 161, false),
       (2007, 'Capital Bra je m''appelle', 137, 187, true),
       (2008, 'Kalt', 137, 175, false),
       (2009, 'Schon ok', 137, 159, false),
       (2010, 'Sollte so sein', 137, 182, false),
       (2011, 'Blech', 137, 214, false),
       (2012, 'Für uns', 137, 184, false),
       (2013, 'Selbst verdient', 138, 151, false),
       (2014, 'Roli Glitzer Glitzer', 138, 251, false),
       (2015, 'Allein', 138, 222, false),
       (2016, 'Maybach', 138, 174, false),
       (2017, 'Fightclub', 138, 237, false),
       (2018, 'Trikot von Turin', 138, 176, false),
       (2019, 'Gucci Capi Tief', 138, 202, false),
       (2020, 'Lass mal diese', 138, 230, false),
       (2021, 'Ya Salam', 138, 193, false),
       (2022, 'Safari', 138, 148, false),
       (2023, 'Ich liebe es', 138, 167, false),
       (2024, 'Benz Diggi', 138, 153, false),
       (2025, 'Schüsse fallen', 138, 210, false),
       (2026, 'Berlin lebt', 139, 183, true),
       (2027, 'Kennzeichen B-TK', 139, 160, true),
       (2028, 'Giselle Bünchen', 139, 204, true),
       (2029, 'Neymar', 139, 263, true),
       (2030, '5 Songs in einer Nacht', 139, 147, true),
       (2031, 'Gutes Herz', 139, 192, true),
       (2032, 'Panzer, Tiger', 139, 164, true),
       (2033, 'Ballert', 139, 172, true),
       (2034, 'Baba Flow', 139, 185, true),
       (2035, 'Darby', 139, 201, true),
       (2036, 'One Night Stand', 139, 162, true),
       (2037, 'Packen', 139, 234, true),
       (2038, 'Glaub mir', 139, 183, true),
       (2039, 'Meine Welt', 139, 162, true),
       (2040, 'Wann dann', 139, 189, true),
       (2041, 'Berlin lebt - Instrumental', 139, 183, false),
       (2042, 'Kennzeichen B-TK - Instrumental', 139, 160, false),
       (2043, 'Giselle Bünchen - Instrumental', 139, 204, false),
       (2044, 'Neymar - Instrumental', 139, 263, false),
       (2045, '5 Songs in einer Nacht - Instrumental', 139, 147, false),
       (2046, 'You Know You''re Right', 140, 217, false),
       (2047, 'About A Girl', 140, 166, false),
       (2048, 'Been A Son - Blew EP Version', 140, 140, false),
       (2049, 'Sliver', 140, 131, false),
       (2050, 'Smells Like Teen Spirit', 140, 301, false),
       (2051, 'Come As You Are', 140, 219, false),
       (2052, 'Lithium', 140, 255, false),
       (2053, 'In Bloom - Nevermind Version', 140, 253, false),
       (2054, 'Heart-Shaped Box', 140, 279, false),
       (2055, 'Pennyroyal Tea - Single Mix', 140, 215, false),
       (2056, 'Rape Me', 140, 169, false),
       (2057, 'Dumb', 140, 149, false),
       (2058, 'All Apologies - Live Version', 140, 225, false),
       (2059, 'The Man Who Sold The World - Live Version', 140, 227, false),
       (2060, 'Smells Like Teen Spirit', 141, 301, false),
       (2061, 'In Bloom - Nevermind Version', 141, 255, false),
       (2062, 'Come As You Are', 141, 218, false),
       (2063, 'Breed', 141, 184, false),
       (2064, 'Lithium', 141, 257, false),
       (2065, 'Polly', 141, 173, false),
       (2066, 'Territorial Pissings', 141, 142, false),
       (2067, 'Drain You', 141, 223, false),
       (2068, 'Lounge Act', 141, 156, false),
       (2069, 'Stay Away', 141, 211, false),
       (2070, 'On A Plain', 141, 194, false),
       (2071, 'Something In The Way', 141, 232, false),
       (2072, 'Endless, Nameless', 141, 403, false),
       (2073, 'Even In His Youth - B-Side', 141, 182, false),
       (2074, 'Aneurysm - B-Side', 141, 285, false),
       (2075, 'Curmudgeon - B-Side', 141, 177, false),
       (2076, 'D-7 - Live At The BBC', 141, 224, false),
       (2077, 'Been A Son - Live At Paramount Theatre B-Side', 141, 150, false),
       (2078, 'School - Live At Paramount Theatre B-Side', 141, 153, false),
       (2079, 'Drain You - Live At Paramount Theatre B-Side', 141, 232, false);

ALTER TABLE song ALTER COLUMN songid RESTART WITH 2080;


-- -----------------------------------------------------------------------------

--
-- Tabellenstruktur für Tabelle 'song_artist'
--

CREATE TABLE song_artist
(
    songid   integer NOT NULL REFERENCES song (songid),
    artistid integer NOT NULL REFERENCES artist (artistid),
    PRIMARY KEY (songid, artistid)
);

--
-- Daten für Tabelle 'song_artist'
--

INSERT INTO song_artist
VALUES (1, 1),
       (2, 1),
       (3, 1),
       (4, 1),
       (5, 1),
       (6, 1),
       (7, 1),
       (8, 1),
       (9, 1),
       (10, 1),
       (10, 2),
       (11, 1),
       (12, 1),
       (13, 1),
       (14, 1),
       (15, 1),
       (16, 1),
       (17, 1),
       (18, 1),
       (18, 3),
       (18, 2),
       (19, 1),
       (20, 1),
       (21, 1),
       (22, 1),
       (22, 4),
       (23, 1),
       (24, 1),
       (25, 1),
       (26, 1),
       (27, 1),
       (28, 1),
       (28, 5),
       (29, 1),
       (29, 6),
       (30, 1),
       (31, 1),
       (32, 1),
       (33, 1),
       (34, 1),
       (34, 7),
       (35, 1),
       (36, 1),
       (36, 8),
       (37, 1),
       (38, 1),
       (39, 1),
       (40, 1),
       (41, 1),
       (42, 1),
       (43, 1),
       (44, 1),
       (45, 1),
       (46, 1),
       (47, 1),
       (48, 1),
       (49, 1),
       (50, 1),
       (51, 9),
       (51, 10),
       (52, 9),
       (53, 9),
       (54, 9),
       (55, 9),
       (56, 9),
       (57, 9),
       (58, 9),
       (58, 11),
       (59, 9),
       (60, 9),
       (61, 9),
       (62, 9),
       (62, 12),
       (63, 9),
       (64, 9),
       (65, 9),
       (66, 9),
       (67, 9),
       (68, 9),
       (69, 9),
       (70, 9),
       (71, 9),
       (72, 9),
       (73, 9),
       (74, 9),
       (75, 9),
       (76, 9),
       (77, 9),
       (78, 9),
       (79, 9),
       (80, 9),
       (81, 9),
       (82, 9),
       (83, 9),
       (84, 9),
       (85, 9),
       (86, 9),
       (87, 9),
       (88, 9),
       (89, 9),
       (90, 9),
       (91, 9),
       (91, 13),
       (92, 9),
       (93, 9),
       (94, 9),
       (95, 9),
       (95, 10),
       (96, 14),
       (97, 14),
       (98, 14),
       (99, 14),
       (100, 14),
       (101, 14),
       (102, 14),
       (102, 15),
       (103, 14),
       (103, 16),
       (104, 14),
       (104, 17),
       (104, 18),
       (104, 19),
       (105, 14),
       (106, 14),
       (106, 20),
       (107, 14),
       (107, 17),
       (108, 14),
       (109, 14),
       (110, 14),
       (111, 14),
       (112, 14),
       (113, 14),
       (114, 14),
       (115, 14),
       (116, 14),
       (117, 14),
       (118, 14),
       (119, 14),
       (119, 21),
       (120, 14),
       (121, 14),
       (122, 14),
       (123, 14),
       (124, 14),
       (125, 14),
       (126, 14),
       (127, 14),
       (128, 14),
       (128, 22),
       (128, 23),
       (129, 14),
       (130, 14),
       (131, 14),
       (132, 14),
       (132, 24),
       (133, 14),
       (134, 14),
       (135, 14),
       (136, 14),
       (137, 14),
       (138, 14),
       (139, 14),
       (139, 25),
       (140, 14),
       (141, 14),
       (142, 14),
       (143, 14),
       (144, 14),
       (145, 14),
       (146, 14),
       (147, 14),
       (148, 14),
       (149, 14),
       (150, 14),
       (151, 14),
       (152, 14),
       (153, 14),
       (153, 26),
       (154, 14),
       (155, 14),
       (156, 14),
       (156, 24),
       (157, 14),
       (158, 14),
       (158, 27),
       (159, 14),
       (160, 14),
       (160, 28),
       (161, 14),
       (162, 14),
       (163, 14),
       (164, 14),
       (165, 14),
       (166, 14),
       (166, 29),
       (167, 14),
       (167, 30),
       (168, 14),
       (169, 31),
       (170, 31),
       (171, 31),
       (172, 31),
       (173, 31),
       (174, 31),
       (175, 31),
       (176, 31),
       (177, 31),
       (177, 32),
       (178, 31),
       (179, 31),
       (180, 31),
       (181, 31),
       (182, 31),
       (183, 31),
       (184, 31),
       (185, 31),
       (186, 31),
       (187, 31),
       (188, 31),
       (189, 31),
       (190, 31),
       (191, 31),
       (191, 33),
       (192, 31),
       (193, 31),
       (194, 31),
       (195, 31),
       (196, 31),
       (197, 31),
       (198, 31),
       (199, 31),
       (200, 31),
       (201, 31),
       (202, 31),
       (203, 31),
       (204, 31),
       (205, 31),
       (206, 31),
       (207, 31),
       (208, 31),
       (209, 31),
       (210, 31),
       (211, 31),
       (212, 31),
       (213, 31),
       (214, 31),
       (214, 34),
       (215, 31),
       (216, 31),
       (217, 31),
       (218, 31),
       (218, 35),
       (219, 31),
       (220, 31),
       (220, 36),
       (221, 31),
       (222, 31),
       (223, 31),
       (224, 31),
       (225, 31),
       (226, 31),
       (227, 31),
       (228, 31),
       (229, 31),
       (229, 37),
       (230, 31),
       (230, 38),
       (231, 39),
       (232, 39),
       (233, 39),
       (234, 39),
       (235, 39),
       (235, 40),
       (236, 39),
       (237, 39),
       (238, 39),
       (238, 41),
       (239, 39),
       (240, 39),
       (241, 39),
       (241, 42),
       (242, 39),
       (243, 39),
       (243, 40),
       (244, 39),
       (245, 39),
       (246, 39),
       (247, 39),
       (248, 39),
       (249, 39),
       (250, 39),
       (250, 40),
       (251, 39),
       (252, 39),
       (253, 39),
       (254, 39),
       (255, 39),
       (255, 40),
       (256, 39),
       (257, 39),
       (258, 39),
       (258, 41),
       (259, 39),
       (260, 39),
       (261, 39),
       (261, 42),
       (262, 39),
       (263, 39),
       (263, 40),
       (264, 39),
       (265, 39),
       (266, 39),
       (267, 39),
       (268, 39),
       (269, 39),
       (270, 39),
       (271, 39),
       (272, 39),
       (272, 43),
       (273, 39),
       (274, 39),
       (275, 39),
       (276, 39),
       (276, 44),
       (277, 39),
       (278, 39),
       (279, 39),
       (279, 45),
       (280, 39),
       (281, 39),
       (282, 39),
       (283, 39),
       (283, 46),
       (283, 47),
       (284, 39),
       (285, 39),
       (286, 39),
       (286, 40),
       (287, 39),
       (288, 39),
       (289, 39),
       (289, 48),
       (290, 39),
       (291, 39),
       (291, 45),
       (292, 39),
       (293, 39),
       (294, 39),
       (294, 49),
       (295, 39),
       (296, 39),
       (296, 40),
       (297, 39),
       (297, 50),
       (298, 39),
       (299, 39),
       (300, 39),
       (300, 40),
       (300, 43),
       (300, 51),
       (301, 39),
       (302, 39),
       (303, 39),
       (303, 52),
       (304, 39),
       (305, 39),
       (306, 39),
       (306, 40),
       (307, 39),
       (308, 39),
       (309, 39),
       (309, 48),
       (310, 39),
       (311, 39),
       (311, 45),
       (312, 39),
       (313, 39),
       (314, 39),
       (314, 49),
       (315, 39),
       (316, 39),
       (316, 40),
       (317, 39),
       (317, 50),
       (318, 39),
       (319, 39),
       (320, 39),
       (320, 40),
       (320, 43),
       (320, 51),
       (321, 39),
       (322, 39),
       (323, 39),
       (323, 51),
       (323, 53),
       (324, 39),
       (324, 43),
       (325, 39),
       (326, 39),
       (326, 54),
       (327, 39),
       (328, 39),
       (329, 39),
       (330, 39),
       (331, 39),
       (332, 39),
       (333, 39),
       (334, 39),
       (335, 39),
       (336, 39),
       (336, 52),
       (337, 39),
       (338, 39),
       (339, 39),
       (340, 39),
       (341, 39),
       (342, 39),
       (343, 39),
       (344, 39),
       (345, 39),
       (346, 39),
       (346, 43),
       (347, 39),
       (347, 51),
       (348, 39),
       (349, 39),
       (349, 55),
       (350, 39),
       (350, 44),
       (351, 39),
       (351, 56),
       (352, 39),
       (353, 39),
       (353, 46),
       (354, 39),
       (355, 39),
       (355, 43),
       (356, 39),
       (357, 39),
       (357, 46),
       (358, 39),
       (359, 39),
       (360, 39),
       (361, 39),
       (362, 39),
       (363, 39),
       (364, 39),
       (365, 39),
       (366, 39),
       (367, 39),
       (368, 39),
       (369, 39),
       (369, 45),
       (370, 39),
       (371, 39),
       (372, 39),
       (373, 39),
       (373, 40),
       (374, 39),
       (374, 57),
       (375, 39),
       (375, 58),
       (376, 39),
       (377, 39),
       (378, 39),
       (379, 39),
       (380, 39),
       (381, 39),
       (382, 39),
       (383, 39),
       (384, 39),
       (385, 39),
       (386, 39),
       (386, 59),
       (387, 39),
       (388, 39),
       (388, 53),
       (389, 39),
       (390, 39),
       (390, 60),
       (391, 39),
       (392, 39),
       (393, 39),
       (394, 39),
       (395, 39),
       (396, 39),
       (397, 39),
       (398, 39),
       (398, 61),
       (399, 39),
       (400, 39),
       (401, 39),
       (401, 62),
       (401, 63),
       (402, 39),
       (403, 39),
       (404, 39),
       (405, 39),
       (406, 39),
       (407, 39),
       (408, 39),
       (408, 62),
       (408, 64),
       (408, 65),
       (408, 66),
       (408, 67),
       (408, 68),
       (408, 69),
       (408, 70),
       (409, 39),
       (410, 39),
       (411, 39),
       (412, 39),
       (413, 39),
       (414, 71),
       (415, 71),
       (416, 71),
       (417, 71),
       (418, 71),
       (419, 71),
       (420, 71),
       (421, 71),
       (422, 71),
       (423, 71),
       (424, 71),
       (425, 71),
       (426, 71),
       (427, 71),
       (428, 71),
       (429, 71),
       (430, 71),
       (431, 71),
       (432, 71),
       (433, 71),
       (434, 71),
       (435, 71),
       (436, 71),
       (437, 71),
       (438, 71),
       (439, 71),
       (440, 71),
       (441, 71),
       (442, 71),
       (443, 71),
       (444, 71),
       (445, 71),
       (446, 71),
       (447, 71),
       (448, 71),
       (449, 71),
       (450, 71),
       (451, 71),
       (452, 71),
       (453, 71),
       (454, 71),
       (455, 71),
       (456, 71),
       (457, 71),
       (458, 71),
       (459, 71),
       (460, 71),
       (461, 71),
       (462, 71),
       (463, 71),
       (464, 71),
       (465, 71),
       (466, 71),
       (467, 71),
       (468, 71),
       (469, 71),
       (470, 71),
       (471, 71),
       (472, 71),
       (473, 71),
       (474, 72),
       (475, 72),
       (476, 72),
       (477, 72),
       (477, 73),
       (477, 16),
       (478, 72),
       (478, 27),
       (479, 72),
       (479, 74),
       (480, 72),
       (481, 72),
       (481, 75),
       (482, 72),
       (483, 72),
       (483, 76),
       (484, 72),
       (484, 77),
       (485, 72),
       (485, 78),
       (485, 79),
       (486, 72),
       (486, 80),
       (487, 72),
       (488, 72),
       (488, 81),
       (488, 82),
       (489, 72),
       (490, 72),
       (491, 72),
       (491, 83),
       (491, 84),
       (492, 72),
       (492, 85),
       (492, 86),
       (492, 87),
       (493, 72),
       (493, 88),
       (494, 72),
       (495, 72),
       (496, 72),
       (497, 72),
       (498, 72),
       (499, 72),
       (500, 72),
       (501, 72),
       (501, 82),
       (502, 72),
       (503, 72),
       (503, 89),
       (504, 72),
       (504, 90),
       (505, 72),
       (506, 72),
       (506, 73),
       (507, 72),
       (507, 91),
       (507, 92),
       (507, 93),
       (508, 72),
       (509, 72),
       (510, 72),
       (511, 72),
       (512, 72),
       (513, 72),
       (514, 72),
       (515, 72),
       (516, 72),
       (517, 72),
       (518, 72),
       (519, 72),
       (520, 72),
       (520, 94),
       (520, 89),
       (521, 72),
       (522, 72),
       (523, 72),
       (524, 72),
       (525, 72),
       (526, 72),
       (527, 72),
       (528, 72),
       (529, 72),
       (530, 72),
       (531, 72),
       (531, 16),
       (532, 72),
       (533, 72),
       (534, 72),
       (535, 95),
       (536, 95),
       (537, 95),
       (538, 95),
       (539, 95),
       (540, 95),
       (541, 95),
       (542, 95),
       (543, 95),
       (544, 95),
       (545, 95),
       (546, 95),
       (547, 95),
       (548, 95),
       (549, 95),
       (550, 95),
       (551, 95),
       (552, 95),
       (553, 95),
       (554, 95),
       (555, 96),
       (556, 96),
       (557, 96),
       (557, 97),
       (557, 98),
       (558, 96),
       (558, 95),
       (559, 96),
       (559, 99),
       (560, 96),
       (561, 96),
       (561, 100),
       (561, 101),
       (562, 96),
       (562, 102),
       (563, 96),
       (564, 96),
       (565, 96),
       (565, 103),
       (566, 96),
       (567, 96),
       (567, 104),
       (568, 96),
       (568, 105),
       (569, 96),
       (570, 96),
       (571, 96),
       (572, 96),
       (573, 96),
       (574, 96),
       (575, 96),
       (576, 96),
       (577, 96),
       (577, 106),
       (578, 96),
       (579, 96),
       (579, 103),
       (580, 96),
       (581, 96),
       (581, 107),
       (582, 96),
       (583, 96),
       (584, 96),
       (585, 96),
       (586, 96),
       (587, 96),
       (588, 96),
       (589, 40),
       (590, 40),
       (591, 40),
       (591, 108),
       (591, 109),
       (592, 40),
       (593, 40),
       (593, 110),
       (594, 40),
       (594, 111),
       (595, 40),
       (595, 45),
       (596, 40),
       (597, 40),
       (597, 108),
       (598, 40),
       (599, 40),
       (600, 40),
       (600, 51),
       (601, 40),
       (602, 40),
       (603, 40),
       (603, 51),
       (604, 40),
       (605, 40),
       (605, 112),
       (606, 40),
       (607, 40),
       (607, 108),
       (608, 40),
       (609, 40),
       (610, 40),
       (610, 51),
       (610, 108),
       (611, 40),
       (612, 40),
       (613, 40),
       (614, 40),
       (615, 40),
       (616, 40),
       (616, 113),
       (617, 40),
       (617, 51),
       (618, 40),
       (618, 109),
       (619, 49),
       (620, 49),
       (621, 49),
       (621, 114),
       (622, 49),
       (623, 49),
       (624, 49),
       (625, 49),
       (626, 49),
       (627, 49),
       (628, 49),
       (629, 49),
       (630, 49),
       (631, 49),
       (631, 114),
       (631, 115),
       (632, 49),
       (633, 49),
       (634, 49),
       (634, 116),
       (635, 49),
       (635, 29),
       (636, 49),
       (637, 49),
       (637, 117),
       (638, 49),
       (638, 45),
       (639, 49),
       (640, 49),
       (640, 118),
       (641, 49),
       (642, 49),
       (642, 39),
       (643, 49),
       (644, 49),
       (644, 50),
       (645, 49),
       (645, 102),
       (646, 49),
       (647, 49),
       (648, 49),
       (649, 49),
       (649, 119),
       (650, 49),
       (651, 49),
       (652, 49),
       (653, 49),
       (654, 49),
       (655, 49),
       (656, 49),
       (656, 39),
       (657, 49),
       (658, 49),
       (659, 49),
       (660, 49),
       (661, 49),
       (662, 49),
       (662, 120),
       (663, 49),
       (664, 49),
       (665, 49),
       (666, 49),
       (667, 49),
       (668, 49),
       (669, 49),
       (670, 49),
       (671, 49),
       (671, 121),
       (672, 49),
       (673, 49),
       (673, 118),
       (674, 49),
       (674, 46),
       (675, 49),
       (676, 49),
       (676, 43),
       (676, 39),
       (677, 49),
       (678, 49),
       (679, 49),
       (680, 49),
       (681, 49),
       (682, 49),
       (682, 39),
       (683, 49),
       (684, 49),
       (684, 122),
       (685, 49),
       (685, 123),
       (686, 49),
       (687, 49),
       (687, 96),
       (688, 49),
       (688, 121),
       (688, 124),
       (689, 49),
       (690, 49),
       (690, 118),
       (691, 49),
       (692, 49),
       (692, 44),
       (693, 49),
       (693, 112),
       (694, 49),
       (695, 49),
       (695, 43),
       (696, 49),
       (697, 49),
       (698, 49),
       (699, 64),
       (700, 64),
       (701, 64),
       (702, 64),
       (702, 125),
       (703, 64),
       (704, 64),
       (705, 64),
       (705, 126),
       (706, 64),
       (707, 64),
       (708, 64),
       (709, 64),
       (710, 64),
       (710, 127),
       (711, 64),
       (712, 64),
       (713, 64),
       (714, 64),
       (715, 64),
       (716, 64),
       (716, 125),
       (717, 64),
       (718, 64),
       (719, 64),
       (720, 64),
       (721, 64),
       (721, 128),
       (722, 64),
       (723, 64),
       (724, 64),
       (725, 64),
       (726, 64),
       (727, 64),
       (728, 64),
       (728, 125),
       (729, 64),
       (730, 64),
       (730, 125),
       (731, 64),
       (732, 64),
       (732, 125),
       (733, 64),
       (734, 64),
       (734, 125),
       (735, 64),
       (736, 64),
       (737, 64),
       (737, 125),
       (738, 64),
       (739, 64),
       (739, 128),
       (740, 64),
       (741, 64),
       (742, 64),
       (743, 64),
       (744, 64),
       (745, 64),
       (746, 64),
       (747, 64),
       (748, 64),
       (749, 64),
       (750, 64),
       (751, 64),
       (752, 64),
       (752, 129),
       (753, 64),
       (754, 64),
       (755, 64),
       (755, 130),
       (756, 64),
       (757, 64),
       (757, 39),
       (758, 64),
       (759, 64),
       (760, 64),
       (761, 64),
       (762, 64),
       (763, 131),
       (764, 131),
       (764, 132),
       (765, 131),
       (765, 133),
       (765, 134),
       (766, 131),
       (767, 131),
       (767, 135),
       (768, 131),
       (769, 131),
       (769, 14),
       (770, 131),
       (771, 131),
       (771, 136),
       (772, 131),
       (772, 133),
       (772, 137),
       (772, 138),
       (772, 139),
       (773, 131),
       (774, 131),
       (775, 131),
       (776, 131),
       (777, 131),
       (778, 131),
       (778, 140),
       (779, 131),
       (780, 131),
       (780, 141),
       (781, 131),
       (781, 142),
       (781, 133),
       (781, 143),
       (782, 131),
       (783, 131),
       (784, 131),
       (785, 131),
       (785, 144),
       (786, 131),
       (787, 131),
       (788, 131),
       (789, 131),
       (790, 131),
       (790, 133),
       (791, 131),
       (792, 131),
       (793, 131),
       (793, 145),
       (794, 131),
       (794, 145),
       (795, 131),
       (796, 131),
       (796, 146),
       (797, 131),
       (798, 131),
       (798, 147),
       (799, 131),
       (800, 131),
       (800, 135),
       (801, 131),
       (802, 131),
       (803, 131),
       (804, 131),
       (804, 148),
       (805, 131),
       (805, 149),
       (806, 131),
       (806, 136),
       (807, 131),
       (808, 131),
       (808, 150),
       (809, 131),
       (810, 131),
       (811, 131),
       (811, 151),
       (812, 131),
       (813, 131),
       (814, 131),
       (815, 152),
       (816, 152),
       (817, 152),
       (818, 152),
       (819, 152),
       (820, 152),
       (821, 152),
       (822, 152),
       (823, 152),
       (824, 152),
       (825, 152),
       (826, 152),
       (827, 152),
       (828, 152),
       (829, 152),
       (830, 152),
       (831, 152),
       (832, 152),
       (833, 152),
       (834, 152),
       (835, 152),
       (836, 152),
       (837, 152),
       (838, 152),
       (839, 152),
       (840, 152),
       (841, 152),
       (842, 152),
       (843, 152),
       (844, 152),
       (845, 152),
       (846, 152),
       (847, 152),
       (848, 152),
       (849, 152),
       (850, 152),
       (851, 152),
       (852, 152),
       (853, 152),
       (854, 152),
       (855, 152),
       (856, 152),
       (857, 152),
       (858, 152),
       (859, 152),
       (860, 152),
       (861, 152),
       (862, 152),
       (863, 152),
       (864, 152),
       (865, 152),
       (866, 152),
       (867, 152),
       (868, 152),
       (869, 153),
       (870, 153),
       (871, 153),
       (872, 153),
       (873, 153),
       (874, 153),
       (875, 153),
       (876, 153),
       (877, 153),
       (878, 153),
       (879, 153),
       (880, 153),
       (881, 153),
       (882, 153),
       (883, 153),
       (884, 153),
       (885, 153),
       (885, 154),
       (886, 153),
       (887, 153),
       (888, 153),
       (889, 153),
       (890, 153),
       (891, 153),
       (892, 153),
       (893, 153),
       (894, 153),
       (894, 155),
       (894, 156),
       (895, 153),
       (896, 153),
       (897, 153),
       (898, 153),
       (899, 153),
       (899, 157),
       (899, 158),
       (899, 159),
       (900, 153),
       (901, 1),
       (902, 1),
       (903, 1),
       (904, 1),
       (905, 1),
       (906, 1),
       (907, 1),
       (908, 1),
       (909, 1),
       (910, 1),
       (911, 1),
       (912, 1),
       (913, 1),
       (914, 1),
       (915, 1),
       (916, 160),
       (917, 160),
       (918, 160),
       (919, 160),
       (920, 160),
       (921, 160),
       (922, 160),
       (923, 160),
       (924, 160),
       (925, 160),
       (926, 160),
       (927, 160),
       (928, 160),
       (929, 160),
       (930, 160),
       (931, 160),
       (932, 160),
       (933, 160),
       (934, 160),
       (935, 160),
       (936, 160),
       (937, 160),
       (938, 160),
       (939, 160),
       (940, 160),
       (941, 160),
       (942, 160),
       (943, 160),
       (944, 160),
       (945, 160),
       (946, 160),
       (947, 160),
       (948, 160),
       (949, 160),
       (950, 160),
       (951, 160),
       (952, 160),
       (953, 160),
       (954, 160),
       (955, 160),
       (956, 160),
       (957, 160),
       (958, 160),
       (959, 160),
       (960, 160),
       (961, 160),
       (962, 160),
       (963, 160),
       (964, 160),
       (965, 43),
       (966, 43),
       (967, 43),
       (968, 43),
       (969, 43),
       (969, 40),
       (970, 43),
       (971, 43),
       (972, 43),
       (973, 43),
       (973, 40),
       (973, 42),
       (974, 43),
       (975, 43),
       (976, 43),
       (976, 108),
       (977, 43),
       (977, 39),
       (978, 43),
       (979, 43),
       (980, 43),
       (980, 40),
       (980, 51),
       (980, 49),
       (981, 43),
       (981, 110),
       (982, 43),
       (983, 43),
       (984, 43),
       (985, 43),
       (986, 43),
       (986, 40),
       (987, 43),
       (988, 43),
       (989, 43),
       (989, 46),
       (990, 45),
       (991, 45),
       (992, 45),
       (992, 161),
       (993, 45),
       (994, 45),
       (995, 45),
       (996, 45),
       (996, 162),
       (997, 45),
       (997, 163),
       (997, 164),
       (998, 45),
       (999, 45),
       (1000, 45),
       (1001, 45),
       (1001, 39),
       (1002, 45),
       (1003, 45),
       (1004, 45),
       (1004, 165),
       (1005, 45),
       (1005, 166),
       (1006, 45),
       (1007, 45),
       (1007, 53),
       (1008, 45),
       (1008, 167),
       (1009, 45),
       (1010, 45),
       (1011, 45),
       (1012, 45),
       (1013, 45),
       (1014, 45),
       (1015, 45),
       (1015, 168),
       (1016, 45),
       (1017, 45),
       (1017, 169),
       (1018, 45),
       (1018, 167),
       (1018, 43),
       (1019, 45),
       (1019, 52),
       (1020, 45),
       (1020, 170),
       (1021, 45),
       (1022, 45),
       (1022, 165),
       (1023, 45),
       (1023, 171),
       (1024, 45),
       (1025, 45),
       (1026, 45),
       (1027, 45),
       (1028, 45),
       (1029, 45),
       (1030, 45),
       (1031, 45),
       (1032, 45),
       (1033, 45),
       (1033, 163),
       (1034, 45),
       (1035, 45),
       (1036, 45),
       (1036, 40),
       (1036, 39),
       (1037, 45),
       (1038, 45),
       (1039, 45),
       (1039, 163),
       (1040, 45),
       (1041, 45),
       (1041, 167),
       (1041, 165),
       (1042, 45),
       (1043, 45),
       (1043, 168),
       (1043, 164),
       (1044, 45),
       (1044, 52),
       (1045, 45),
       (1046, 45),
       (1047, 45),
       (1048, 45),
       (1049, 45),
       (1050, 45),
       (1051, 45),
       (1052, 45),
       (1053, 45),
       (1054, 45),
       (1055, 45),
       (1056, 45),
       (1056, 40),
       (1056, 172),
       (1056, 39),
       (1057, 45),
       (1058, 45),
       (1058, 163),
       (1059, 45),
       (1060, 45),
       (1061, 45),
       (1062, 45),
       (1063, 45),
       (1063, 168),
       (1063, 163),
       (1063, 173),
       (1064, 45),
       (1065, 45),
       (1066, 45),
       (1067, 45),
       (1067, 174),
       (1068, 45),
       (1069, 45),
       (1070, 45),
       (1071, 45),
       (1072, 45),
       (1073, 45),
       (1074, 45),
       (1075, 45),
       (1076, 45),
       (1077, 45),
       (1078, 45),
       (1079, 45),
       (1079, 175),
       (1080, 45),
       (1080, 173),
       (1081, 45),
       (1082, 45),
       (1083, 45),
       (1084, 45),
       (1085, 45),
       (1086, 45),
       (1087, 176),
       (1088, 176),
       (1089, 176),
       (1090, 176),
       (1091, 176),
       (1092, 176),
       (1093, 176),
       (1094, 176),
       (1095, 176),
       (1096, 176),
       (1097, 176),
       (1098, 176),
       (1099, 176),
       (1100, 176),
       (1101, 176),
       (1102, 176),
       (1103, 176),
       (1104, 176),
       (1105, 176),
       (1106, 176),
       (1107, 176),
       (1108, 176),
       (1109, 176),
       (1110, 176),
       (1111, 176),
       (1112, 176),
       (1113, 176),
       (1114, 176),
       (1115, 176),
       (1116, 176),
       (1117, 176),
       (1118, 176),
       (1119, 176),
       (1120, 176),
       (1121, 176),
       (1122, 177),
       (1123, 177),
       (1124, 177),
       (1125, 177),
       (1126, 177),
       (1127, 177),
       (1128, 177),
       (1129, 177),
       (1130, 177),
       (1131, 177),
       (1132, 177),
       (1133, 177),
       (1134, 177),
       (1135, 177),
       (1136, 177),
       (1137, 177),
       (1138, 177),
       (1139, 177),
       (1140, 177),
       (1141, 177),
       (1142, 177),
       (1143, 177),
       (1144, 177),
       (1145, 177),
       (1146, 177),
       (1147, 177),
       (1148, 177),
       (1149, 177),
       (1150, 177),
       (1151, 177),
       (1152, 177),
       (1153, 177),
       (1154, 177),
       (1155, 177),
       (1156, 177),
       (1157, 177),
       (1158, 177),
       (1159, 177),
       (1160, 177),
       (1161, 177),
       (1162, 177),
       (1163, 177),
       (1164, 177),
       (1165, 177),
       (1166, 177),
       (1167, 177),
       (1168, 177),
       (1169, 177),
       (1170, 177),
       (1171, 177),
       (1172, 177),
       (1173, 177),
       (1174, 177),
       (1175, 177),
       (1176, 177),
       (1177, 177),
       (1178, 177),
       (1179, 177),
       (1180, 177),
       (1181, 177),
       (1182, 177),
       (1183, 177),
       (1184, 177),
       (1185, 177),
       (1186, 177),
       (1187, 177),
       (1188, 177),
       (1189, 177),
       (1190, 177),
       (1191, 177),
       (1192, 177),
       (1193, 177),
       (1194, 178),
       (1195, 178),
       (1196, 178),
       (1197, 178),
       (1198, 178),
       (1199, 178),
       (1200, 178),
       (1201, 178),
       (1202, 178),
       (1203, 178),
       (1204, 178),
       (1205, 178),
       (1206, 178),
       (1207, 178),
       (1208, 178),
       (1209, 178),
       (1210, 178),
       (1211, 178),
       (1212, 178),
       (1213, 178),
       (1214, 178),
       (1214, 179),
       (1215, 178),
       (1216, 178),
       (1217, 178),
       (1218, 178),
       (1219, 178),
       (1220, 178),
       (1221, 178),
       (1222, 178),
       (1223, 178),
       (1224, 178),
       (1225, 178),
       (1226, 178),
       (1227, 178),
       (1228, 178),
       (1229, 178),
       (1230, 178),
       (1231, 178),
       (1232, 178),
       (1233, 178),
       (1234, 178),
       (1235, 178),
       (1236, 178),
       (1237, 178),
       (1238, 178),
       (1239, 178),
       (1240, 178),
       (1241, 178),
       (1242, 178),
       (1243, 178),
       (1244, 178),
       (1245, 178),
       (1246, 178),
       (1247, 178),
       (1248, 178),
       (1249, 178),
       (1250, 178),
       (1251, 178),
       (1252, 178),
       (1253, 178),
       (1254, 178),
       (1255, 178),
       (1256, 178),
       (1257, 178),
       (1258, 178),
       (1259, 178),
       (1260, 180),
       (1261, 180),
       (1262, 180),
       (1263, 180),
       (1264, 180),
       (1265, 180),
       (1266, 180),
       (1267, 180),
       (1268, 180),
       (1269, 180),
       (1270, 180),
       (1271, 180),
       (1272, 180),
       (1273, 180),
       (1274, 180),
       (1275, 180),
       (1276, 180),
       (1277, 180),
       (1278, 180),
       (1279, 180),
       (1280, 180),
       (1281, 180),
       (1282, 180),
       (1283, 180),
       (1284, 180),
       (1285, 180),
       (1285, 181),
       (1286, 180),
       (1287, 180),
       (1288, 180),
       (1289, 180),
       (1290, 135),
       (1291, 135),
       (1292, 135),
       (1293, 135),
       (1294, 135),
       (1295, 135),
       (1296, 135),
       (1297, 135),
       (1298, 135),
       (1299, 135),
       (1300, 135),
       (1301, 135),
       (1302, 135),
       (1303, 135),
       (1304, 135),
       (1305, 135),
       (1306, 135),
       (1307, 135),
       (1308, 135),
       (1309, 135),
       (1310, 135),
       (1311, 135),
       (1312, 135),
       (1313, 135),
       (1314, 135),
       (1315, 135),
       (1316, 135),
       (1317, 135),
       (1318, 135),
       (1319, 135),
       (1320, 135),
       (1321, 135),
       (1322, 135),
       (1323, 135),
       (1324, 135),
       (1325, 135),
       (1326, 135),
       (1327, 135),
       (1328, 135),
       (1329, 135),
       (1330, 135),
       (1331, 135),
       (1332, 135),
       (1333, 135),
       (1334, 135),
       (1335, 135),
       (1336, 135),
       (1337, 135),
       (1338, 135),
       (1339, 135),
       (1340, 182),
       (1341, 182),
       (1342, 182),
       (1343, 182),
       (1344, 182),
       (1345, 182),
       (1346, 182),
       (1347, 182),
       (1348, 182),
       (1349, 182),
       (1350, 182),
       (1350, 183),
       (1351, 182),
       (1352, 182),
       (1353, 182),
       (1354, 182),
       (1355, 182),
       (1356, 182),
       (1357, 182),
       (1358, 182),
       (1359, 182),
       (1360, 182),
       (1361, 182),
       (1362, 182),
       (1363, 182),
       (1364, 182),
       (1365, 182),
       (1366, 182),
       (1367, 182),
       (1368, 182),
       (1369, 182),
       (1370, 182),
       (1371, 182),
       (1372, 182),
       (1373, 182),
       (1374, 182),
       (1375, 182),
       (1376, 182),
       (1377, 182),
       (1378, 182),
       (1379, 182),
       (1380, 182),
       (1381, 182),
       (1382, 182),
       (1383, 182),
       (1384, 182),
       (1385, 182),
       (1386, 182),
       (1387, 182),
       (1388, 182),
       (1389, 182),
       (1390, 182),
       (1391, 182),
       (1392, 182),
       (1393, 182),
       (1394, 182),
       (1395, 182),
       (1396, 182),
       (1397, 182),
       (1398, 182),
       (1399, 182),
       (1400, 182),
       (1401, 182),
       (1402, 182),
       (1403, 182),
       (1404, 182),
       (1405, 182),
       (1406, 182),
       (1407, 182),
       (1408, 182),
       (1409, 182),
       (1410, 182),
       (1411, 184),
       (1412, 184),
       (1413, 184),
       (1414, 184),
       (1415, 184),
       (1416, 184),
       (1417, 184),
       (1418, 184),
       (1419, 184),
       (1420, 184),
       (1421, 184),
       (1422, 184),
       (1423, 184),
       (1424, 184),
       (1425, 184),
       (1426, 184),
       (1427, 184),
       (1428, 184),
       (1429, 184),
       (1430, 184),
       (1431, 184),
       (1432, 184),
       (1433, 184),
       (1434, 184),
       (1435, 184),
       (1436, 184),
       (1437, 184),
       (1438, 184),
       (1439, 184),
       (1440, 184),
       (1441, 184),
       (1442, 184),
       (1443, 184),
       (1444, 184),
       (1445, 184),
       (1446, 184),
       (1447, 184),
       (1448, 184),
       (1449, 184),
       (1450, 184),
       (1451, 184),
       (1452, 184),
       (1453, 184),
       (1454, 184),
       (1455, 184),
       (1456, 184),
       (1457, 184),
       (1458, 184),
       (1459, 184),
       (1460, 184),
       (1461, 184),
       (1462, 184),
       (1463, 184),
       (1464, 184),
       (1465, 184),
       (1466, 184),
       (1467, 184),
       (1468, 184),
       (1469, 184),
       (1470, 184),
       (1471, 184),
       (1472, 184),
       (1473, 184),
       (1474, 184),
       (1475, 184),
       (1476, 184),
       (1477, 184),
       (1478, 184),
       (1479, 184),
       (1480, 184),
       (1481, 184),
       (1482, 184),
       (1483, 184),
       (1484, 184),
       (1485, 184),
       (1486, 184),
       (1487, 184),
       (1488, 184),
       (1489, 184),
       (1490, 184),
       (1491, 184),
       (1492, 184),
       (1493, 184),
       (1494, 184),
       (1495, 184),
       (1496, 184),
       (1497, 184),
       (1498, 184),
       (1499, 185),
       (1499, 186),
       (1500, 185),
       (1500, 187),
       (1500, 188),
       (1500, 89),
       (1501, 185),
       (1501, 179),
       (1501, 189),
       (1502, 185),
       (1502, 190),
       (1503, 185),
       (1503, 191),
       (1504, 185),
       (1504, 192),
       (1505, 185),
       (1506, 185),
       (1506, 193),
       (1507, 185),
       (1507, 194),
       (1508, 185),
       (1508, 195),
       (1509, 185),
       (1509, 196),
       (1509, 197),
       (1510, 185),
       (1510, 198),
       (1510, 199),
       (1511, 185),
       (1511, 200),
       (1512, 185),
       (1512, 201),
       (1513, 185),
       (1513, 202),
       (1514, 185),
       (1514, 203),
       (1515, 185),
       (1516, 185),
       (1516, 204),
       (1517, 185),
       (1517, 205),
       (1518, 185),
       (1518, 194),
       (1518, 206),
       (1519, 185),
       (1519, 207),
       (1520, 185),
       (1520, 208),
       (1521, 209),
       (1521, 210),
       (1522, 209),
       (1522, 211),
       (1523, 209),
       (1523, 212),
       (1523, 213),
       (1524, 209),
       (1524, 214),
       (1525, 209),
       (1525, 215),
       (1525, 216),
       (1526, 209),
       (1526, 217),
       (1527, 209),
       (1527, 213),
       (1528, 209),
       (1529, 209),
       (1529, 218),
       (1530, 209),
       (1530, 219),
       (1531, 209),
       (1531, 220),
       (1532, 209),
       (1533, 209),
       (1534, 209),
       (1535, 209),
       (1536, 209),
       (1536, 221),
       (1537, 209),
       (1538, 209),
       (1539, 209),
       (1539, 222),
       (1540, 209),
       (1540, 223),
       (1541, 209),
       (1541, 224),
       (1542, 209),
       (1542, 225),
       (1542, 226),
       (1542, 227),
       (1543, 209),
       (1544, 209),
       (1545, 209),
       (1545, 228),
       (1546, 209),
       (1547, 209),
       (1548, 209),
       (1549, 209),
       (1550, 209),
       (1551, 209),
       (1552, 209),
       (1553, 209),
       (1554, 209),
       (1555, 209),
       (1556, 209),
       (1557, 209),
       (1558, 209),
       (1559, 209),
       (1560, 209),
       (1561, 209),
       (1562, 209),
       (1563, 209),
       (1564, 209),
       (1565, 209),
       (1566, 209),
       (1567, 209),
       (1568, 209),
       (1569, 209),
       (1570, 209),
       (1571, 209),
       (1572, 209),
       (1573, 209),
       (1574, 209),
       (1575, 229),
       (1576, 229),
       (1577, 229),
       (1578, 229),
       (1579, 229),
       (1580, 229),
       (1581, 229),
       (1582, 229),
       (1582, 148),
       (1583, 229),
       (1583, 230),
       (1584, 229),
       (1585, 229),
       (1586, 229),
       (1587, 229),
       (1588, 229),
       (1589, 229),
       (1590, 229),
       (1591, 229),
       (1592, 229),
       (1592, 231),
       (1593, 229),
       (1594, 229),
       (1594, 232),
       (1595, 229),
       (1596, 229),
       (1597, 229),
       (1597, 231),
       (1597, 233),
       (1598, 229),
       (1598, 234),
       (1599, 229),
       (1600, 229),
       (1601, 229),
       (1602, 229),
       (1603, 229),
       (1604, 229),
       (1605, 229),
       (1606, 229),
       (1607, 229),
       (1608, 229),
       (1609, 229),
       (1610, 229),
       (1611, 229),
       (1612, 229),
       (1613, 229),
       (1614, 229),
       (1615, 229),
       (1616, 235),
       (1617, 235),
       (1617, 236),
       (1618, 235),
       (1619, 235),
       (1620, 235),
       (1621, 235),
       (1622, 235),
       (1623, 235),
       (1623, 237),
       (1624, 235),
       (1625, 235),
       (1626, 235),
       (1627, 235),
       (1628, 235),
       (1629, 235),
       (1630, 235),
       (1631, 235),
       (1632, 235),
       (1633, 235),
       (1634, 235),
       (1635, 235),
       (1636, 235),
       (1637, 235),
       (1638, 235),
       (1639, 235),
       (1640, 235),
       (1641, 235),
       (1642, 235),
       (1643, 235),
       (1644, 235),
       (1645, 235),
       (1646, 235),
       (1647, 235),
       (1648, 235),
       (1649, 235),
       (1650, 235),
       (1651, 235),
       (1652, 235),
       (1653, 235),
       (1654, 235),
       (1655, 235),
       (1656, 235),
       (1657, 235),
       (1658, 235),
       (1659, 235),
       (1660, 235),
       (1661, 235),
       (1662, 235),
       (1663, 235),
       (1663, 238),
       (1664, 235),
       (1665, 235),
       (1666, 235),
       (1667, 235),
       (1668, 235),
       (1669, 235),
       (1670, 235),
       (1670, 239),
       (1671, 235),
       (1671, 240),
       (1672, 241),
       (1673, 241),
       (1674, 241),
       (1675, 241),
       (1676, 241),
       (1677, 241),
       (1678, 241),
       (1679, 241),
       (1680, 241),
       (1681, 241),
       (1682, 241),
       (1683, 241),
       (1684, 241),
       (1685, 241),
       (1686, 241),
       (1687, 241),
       (1688, 241),
       (1689, 241),
       (1690, 241),
       (1691, 241),
       (1692, 241),
       (1693, 241),
       (1694, 241),
       (1695, 241),
       (1696, 241),
       (1697, 241),
       (1698, 241),
       (1698, 242),
       (1699, 241),
       (1700, 241),
       (1700, 243),
       (1700, 244),
       (1701, 241),
       (1702, 241),
       (1703, 194),
       (1704, 194),
       (1705, 194),
       (1706, 194),
       (1707, 194),
       (1708, 194),
       (1709, 194),
       (1710, 194),
       (1711, 194),
       (1712, 194),
       (1713, 194),
       (1714, 194),
       (1715, 194),
       (1715, 245),
       (1716, 194),
       (1716, 246),
       (1716, 247),
       (1717, 194),
       (1718, 194),
       (1718, 248),
       (1719, 194),
       (1720, 194),
       (1721, 194),
       (1722, 194),
       (1722, 249),
       (1723, 194),
       (1723, 185),
       (1724, 194),
       (1724, 250),
       (1725, 194),
       (1726, 194),
       (1727, 194),
       (1728, 194),
       (1729, 194),
       (1729, 248),
       (1730, 194),
       (1731, 194),
       (1732, 194),
       (1733, 194),
       (1733, 249),
       (1734, 194),
       (1734, 185),
       (1735, 194),
       (1735, 250),
       (1736, 194),
       (1737, 194),
       (1738, 194),
       (1739, 194),
       (1739, 251),
       (1740, 194),
       (1741, 194),
       (1741, 216),
       (1742, 194),
       (1742, 252),
       (1743, 194),
       (1744, 194),
       (1745, 194),
       (1746, 194),
       (1747, 194),
       (1748, 194),
       (1749, 194),
       (1750, 194),
       (1751, 194),
       (1752, 194),
       (1753, 194),
       (1754, 194),
       (1755, 194),
       (1756, 194),
       (1757, 194),
       (1758, 194),
       (1759, 194),
       (1760, 194),
       (1761, 194),
       (1762, 194),
       (1763, 194),
       (1764, 194),
       (1765, 194),
       (1766, 253),
       (1767, 253),
       (1768, 253),
       (1769, 253),
       (1770, 253),
       (1771, 253),
       (1772, 253),
       (1773, 253),
       (1774, 253),
       (1775, 253),
       (1776, 253),
       (1777, 253),
       (1778, 253),
       (1779, 253),
       (1780, 253),
       (1781, 253),
       (1782, 253),
       (1783, 253),
       (1784, 253),
       (1785, 253),
       (1786, 253),
       (1787, 253),
       (1788, 253),
       (1789, 253),
       (1790, 253),
       (1791, 253),
       (1792, 253),
       (1793, 253),
       (1794, 253),
       (1795, 253),
       (1796, 253),
       (1797, 253),
       (1798, 253),
       (1799, 253),
       (1800, 253),
       (1801, 253),
       (1802, 253),
       (1803, 253),
       (1804, 253),
       (1805, 253),
       (1806, 253),
       (1807, 253),
       (1808, 253),
       (1809, 253),
       (1810, 253),
       (1811, 253),
       (1812, 253),
       (1813, 253),
       (1814, 253),
       (1815, 253),
       (1816, 253),
       (1817, 253),
       (1818, 253),
       (1819, 253),
       (1820, 253),
       (1821, 253),
       (1822, 253),
       (1823, 253),
       (1824, 253),
       (1825, 253),
       (1826, 253),
       (1827, 253),
       (1828, 253),
       (1829, 253),
       (1830, 253),
       (1831, 253),
       (1832, 253),
       (1833, 253),
       (1834, 253),
       (1835, 253),
       (1836, 253),
       (1837, 253),
       (1838, 253),
       (1839, 253),
       (1840, 253),
       (1841, 253),
       (1842, 253),
       (1843, 254),
       (1844, 254),
       (1845, 254),
       (1846, 254),
       (1847, 254),
       (1848, 254),
       (1849, 254),
       (1850, 254),
       (1851, 254),
       (1852, 254),
       (1853, 254),
       (1854, 254),
       (1855, 254),
       (1856, 254),
       (1857, 254),
       (1858, 254),
       (1859, 254),
       (1860, 254),
       (1861, 254),
       (1862, 254),
       (1863, 254),
       (1864, 254),
       (1865, 254),
       (1866, 254),
       (1867, 254),
       (1868, 254),
       (1869, 254),
       (1870, 254),
       (1871, 254),
       (1872, 254),
       (1873, 254),
       (1874, 254),
       (1875, 254),
       (1876, 254),
       (1877, 254),
       (1878, 254),
       (1879, 254),
       (1880, 254),
       (1881, 254),
       (1882, 254),
       (1883, 254),
       (1884, 254),
       (1885, 254),
       (1886, 254),
       (1887, 254),
       (1888, 254),
       (1889, 254),
       (1890, 255),
       (1891, 255),
       (1892, 255),
       (1893, 255),
       (1894, 255),
       (1895, 255),
       (1896, 255),
       (1897, 255),
       (1898, 255),
       (1899, 255),
       (1900, 255),
       (1901, 255),
       (1901, 256),
       (1902, 257),
       (1903, 257),
       (1904, 257),
       (1905, 257),
       (1906, 257),
       (1907, 257),
       (1908, 257),
       (1909, 257),
       (1910, 257),
       (1911, 257),
       (1912, 257),
       (1913, 257),
       (1914, 257),
       (1915, 257),
       (1916, 257),
       (1917, 258),
       (1918, 258),
       (1919, 258),
       (1920, 258),
       (1921, 258),
       (1922, 258),
       (1923, 258),
       (1924, 258),
       (1925, 258),
       (1926, 258),
       (1927, 258),
       (1928, 258),
       (1929, 258),
       (1930, 258),
       (1931, 258),
       (1932, 258),
       (1933, 258),
       (1933, 259),
       (1934, 258),
       (1935, 258),
       (1936, 258),
       (1936, 260),
       (1937, 258),
       (1938, 258),
       (1939, 258),
       (1940, 258),
       (1941, 258),
       (1942, 258),
       (1943, 258),
       (1944, 258),
       (1945, 258),
       (1946, 258),
       (1947, 258),
       (1948, 258),
       (1949, 258),
       (1950, 258),
       (1951, 258),
       (1952, 258),
       (1953, 258),
       (1954, 258),
       (1955, 258),
       (1956, 258),
       (1956, 260),
       (1957, 258),
       (1958, 258),
       (1959, 258),
       (1960, 258),
       (1961, 258),
       (1962, 258),
       (1963, 258),
       (1964, 258),
       (1965, 258),
       (1966, 258),
       (1967, 258),
       (1968, 258),
       (1969, 258),
       (1970, 258),
       (1971, 258),
       (1972, 258),
       (1973, 258),
       (1974, 258),
       (1975, 258),
       (1976, 258),
       (1977, 121),
       (1977, 100),
       (1978, 121),
       (1978, 100),
       (1979, 121),
       (1979, 100),
       (1980, 121),
       (1980, 100),
       (1981, 121),
       (1981, 100),
       (1982, 121),
       (1982, 100),
       (1983, 121),
       (1983, 100),
       (1984, 121),
       (1984, 100),
       (1985, 121),
       (1985, 100),
       (1986, 121),
       (1986, 100),
       (1986, 261),
       (1987, 121),
       (1988, 121),
       (1988, 100),
       (1989, 121),
       (1989, 100),
       (1990, 121),
       (1990, 100),
       (1990, 103),
       (1991, 121),
       (1991, 100),
       (1991, 262),
       (1992, 121),
       (1993, 121),
       (1993, 100),
       (1994, 121),
       (1994, 100),
       (1995, 121),
       (1996, 121),
       (1996, 263),
       (1996, 50),
       (1997, 121),
       (1997, 264),
       (1998, 121),
       (1999, 121),
       (1999, 100),
       (2000, 121),
       (2001, 121),
       (2002, 121),
       (2003, 121),
       (2004, 121),
       (2004, 100),
       (2005, 121),
       (2005, 265),
       (2006, 121),
       (2007, 121),
       (2008, 121),
       (2009, 121),
       (2010, 121),
       (2011, 121),
       (2012, 121),
       (2013, 121),
       (2014, 121),
       (2014, 102),
       (2014, 266),
       (2015, 121),
       (2016, 121),
       (2016, 267),
       (2017, 121),
       (2017, 100),
       (2017, 167),
       (2018, 121),
       (2019, 121),
       (2020, 121),
       (2020, 112),
       (2021, 121),
       (2022, 121),
       (2022, 268),
       (2023, 121),
       (2023, 124),
       (2023, 269),
       (2024, 121),
       (2024, 100),
       (2025, 121),
       (2025, 100),
       (2026, 121),
       (2027, 121),
       (2027, 270),
       (2028, 121),
       (2029, 121),
       (2029, 49),
       (2030, 121),
       (2031, 121),
       (2031, 50),
       (2032, 121),
       (2032, 58),
       (2033, 121),
       (2034, 121),
       (2035, 121),
       (2035, 167),
       (2036, 121),
       (2037, 121),
       (2038, 121),
       (2039, 121),
       (2039, 270),
       (2040, 121),
       (2040, 271),
       (2041, 121),
       (2042, 121),
       (2043, 121),
       (2044, 121),
       (2045, 121),
       (2046, 272),
       (2047, 272),
       (2048, 272),
       (2049, 272),
       (2050, 272),
       (2051, 272),
       (2052, 272),
       (2053, 272),
       (2054, 272),
       (2055, 272),
       (2056, 272),
       (2057, 272),
       (2058, 272),
       (2059, 272),
       (2060, 272),
       (2061, 272),
       (2062, 272),
       (2063, 272),
       (2064, 272),
       (2065, 272),
       (2066, 272),
       (2067, 272),
       (2068, 272),
       (2069, 272),
       (2070, 272),
       (2071, 272),
       (2072, 272),
       (2073, 272),
       (2074, 272),
       (2075, 272),
       (2076, 272),
       (2077, 272),
       (2078, 272),
       (2079, 272);

-- -----------------------------------------------------------------------------

--
-- Tabellenstruktur für Tabelle 'playlist'
--

CREATE TABLE playlist
(
    playlistid integer     NOT NULL GENERATED BY DEFAULT AS IDENTITY PRIMARY KEY,
    name       VARCHAR(80) NOT NULL
);

--
-- Daten für Tabelle 'playlist'
--

INSERT INTO playlist VALUES (1, 'Deutschrap'),
 (2, 'Best of Rock'),
 (3, 'Melancholie'),
 (4, 'Best of Pop'),
 (5, 'Mix # 1 '),
 (6, 'Mix #2 '),
 (7, 'Mix #3 ');

ALTER TABLE playlist ALTER COLUMN playlistid RESTART WITH 8;

-- -----------------------------------------------------------------------------

--
-- Tabellenstruktur für Tabelle 'playlist_song'
--

CREATE TABLE playlist_song
(
    playlistid integer NOT NULL REFERENCES playlist (playlistid),
    songid     integer NOT NULL REFERENCES song (songid),
    PRIMARY KEY (playlistid, songid)
);

--
-- Daten für Tabelle 'playlist_song'
--

INSERT INTO playlist_song VALUES (1, 2027),
 (1, 2021),
 (1, 263),
 (1, 1978),
 (1, 272),
 (1, 281),
 (1, 320),
 (1, 345),
 (1, 347),
 (1, 398),
 (1, 535),
 (1, 547),
 (1, 550),
 (1, 561),
 (1, 570),
 (1, 592),
 (1, 628),
 (1, 636),
 (1, 666),
 (1, 695),
 (1, 757),
 (1, 976),
 (1, 984),
 (1, 995),
 (1, 1036),
 (1, 1890),
 (1, 2014),
 (2, 41),
 (2, 828),
 (2, 414),
 (2, 1451),
 (2, 428),
 (2, 441),
 (2, 859),
 (2, 2050),
 (2, 865),
 (2, 871),
 (2, 910),
 (2, 1449),
 (2, 926),
 (2, 1184),
 (2, 891),
 (2, 914),
 (2, 1382),
 (2, 881),
 (2, 2062),
 (2, 442),
 (2, 1412),
 (2, 923),
 (2, 467),
 (2, 1907),
 (2, 1414),
 (3, 402),
 (3, 2010),
 (3, 25),
 (3, 79),
 (3, 102),
 (3, 123),
 (3, 172),
 (3, 366),
 (3, 496),
 (3, 146),
 (3, 498),
 (3, 648),
 (3, 180),
 (3, 398),
 (3, 508),
 (3, 138),
 (3, 713),
 (3, 531),
 (3, 174),
 (3, 639),
 (3, 194),
 (3, 741),
 (3, 754),
 (3, 1010),
 (3, 1316),
 (3, 1075),
 (3, 915),
 (3, 1188),
 (3, 746),
 (3, 1027),
 (3, 958),
 (3, 1364),
 (3, 1469),
 (4, 52),
 (4, 497),
 (4, 1182),
 (4, 1266),
 (4, 1293),
 (4, 1296),
 (4, 1513),
 (4, 1523),
 (4, 1644),
 (4, 1672),
 (4, 1592),
 (4, 1691),
 (4, 1548),
 (4, 1656),
 (4, 1704),
 (4, 1798),
 (4, 1808),
 (4, 1729),
 (6, 1466),
 (6, 971),
 (6, 1794),
 (6, 1752),
 (6, 1819),
 (6, 1716),
 (6, 1246),
 (6, 228),
 (6, 1996),
 (6, 1454),
 (6, 1205),
 (6, 955),
 (6, 1475),
 (6, 1383),
 (6, 1511),
 (6, 385),
 (6, 275),
 (6, 335),
 (6, 540),
 (6, 1476),
 (6, 187),
 (6, 36),
 (6, 1687),
 (6, 1485),
 (6, 1570),
 (6, 1923),
 (6, 1290),
 (6, 1520),
 (6, 405),
 (6, 1941),
 (6, 1020),
 (6, 1679),
 (6, 1022),
 (6, 477),
 (6, 718),
 (6, 1596),
 (6, 1381),
 (6, 441),
 (6, 1088),
 (6, 1822),
 (6, 1163),
 (6, 1582),
 (6, 1306),
 (6, 728),
 (6, 285),
 (6, 170),
 (6, 1104),
 (6, 1363),
 (6, 1279),
 (6, 531),
 (7, 342),
 (7, 905),
 (7, 669),
 (7, 881),
 (7, 1665),
 (7, 671),
 (7, 1746),
 (7, 1136),
 (7, 1525),
 (7, 1607),
 (7, 1501),
 (7, 573),
 (7, 562),
 (7, 1351),
 (7, 546),
 (7, 1190),
 (7, 796),
 (7, 1895),
 (7, 1285),
 (7, 1781),
 (5, 510),
 (5, 393),
 (5, 1317),
 (5, 165),
 (5, 1694),
 (5, 362),
 (5, 198),
 (5, 347),
 (5, 1443),
 (5, 563),
 (5, 1067),
 (5, 726),
 (5, 812),
 (5, 190),
 (5, 1427),
 (5, 424),
 (5, 1609),
 (5, 200),
 (5, 181),
 (5, 237),
 (5, 644),
 (5, 547),
 (5, 263),
 (5, 16),
 (5, 1535),
 (5, 345),
 (5, 1445),
 (5, 629),
 (5, 113),
 (5, 765),
 (5, 980),
 (5, 928),
 (5, 133),
 (5, 947),
 (5, 1866),
 (5, 293),
 (5, 1365),
 (5, 1983),
 (5, 856),
 (5, 1618),
 (5, 1119),
 (5, 884),
 (5, 722),
 (5, 117),
 (5, 476),
 (5, 1314),
 (5, 1921),
 (5, 730),
 (5, 1052),
 (5, 244),
 (7, 70),
 (7, 296),
 (7, 860),
 (7, 758),
 (7, 1730),
 (7, 977),
 (7, 783),
 (7, 1076),
 (7, 2),
 (7, 1013),
 (7, 1041),
 (7, 1752),
 (7, 1687),
 (7, 462),
 (7, 561),
 (7, 280),
 (7, 1882),
 (7, 1140),
 (7, 348),
 (7, 1549),
 (7, 404),
 (7, 1107),
 (7, 1624),
 (7, 657),
 (7, 590),
 (7, 1268),
 (7, 1943),
 (7, 876),
 (7, 1867),
 (7, 1976);


